id,ps,dprime_h,dprime_s,n_signal,n_noise,mean_H|S,mean_H|N,mean_S|S,mean_S|N,sd_H|S,sd_H|N,sd_S|S,sd_S|N,abs_err_H|S,abs_err_H|N,abs_err_S|S,abs_err_S|N
1,0.2,0.5,0.5,24,96,0.25,-0.24999999999999997,0.25,-0.25,1.1139434851098189,0.9202892154559947,0.9918145221943743,0.9378300226638793,0.0,2.7755575615628914e-17,0.0,0.0
2,0.2,0.5,0.7,24,96,0.24999999999999992,-0.25,0.3499999999999999,-0.3499999999999999,0.843077127105474,0.8757869335893828,1.1418222401330695,1.0543736179707062,8.326672684688674e-17,0.0,5.551115123125783e-17,5.551115123125783e-17
3,0.2,0.5,0.9,24,96,0.25000000000000006,-0.24999999999999992,0.45,-0.45,0.9561630824410975,0.9038823690855068,1.0291847688185156,1.1376958727317723,5.551115123125783e-17,8.326672684688674e-17,0.0,0.0
4,0.2,0.5,1.1,24,96,0.25000000000000006,-0.24999999999999992,0.5500000000000002,-0.5499999999999999,0.948746095498863,1.0308344957147653,0.9644621720457711,0.9939152906893951,5.551115123125783e-17,8.326672684688674e-17,1.1102230246251565e-16,1.1102230246251565e-16
5,0.2,0.5,1.3,24,96,0.25,-0.25000000000000006,0.65,-0.65,1.219699805705427,1.0517169026344486,1.0746523212201766,1.0445178013580727,0.0,5.551115123125783e-17,0.0,0.0
6,0.2,0.5,1.5,24,96,0.25000000000000006,-0.25,0.75,-0.75,0.8660784906473373,0.9013131526373072,0.7100092803534779,1.0407875355193197,5.551115123125783e-17,0.0,0.0,0.0
7,0.2,0.5,1.7,24,96,0.25,-0.24999999999999997,0.85,-0.85,0.6878012360577325,1.0213814784486297,0.941076070522668,0.9652304651341586,0.0,2.7755575615628914e-17,0.0,0.0
8,0.2,0.5,1.9,24,96,0.25,-0.25000000000000006,0.9499999999999998,-0.9500000000000001,1.088471681347976,0.99640773766698,0.7946985728272151,0.9859362646387408,0.0,5.551115123125783e-17,1.1102230246251565e-16,1.1102230246251565e-16
9,0.2,0.5,2.1,24,96,0.25,-0.25,1.0499999999999998,-1.05,0.8061601917046514,0.9281435138567621,1.3004034130338116,0.9284453740589462,0.0,0.0,2.220446049250313e-16,0.0
10,0.2,0.5,2.3,24,96,0.25,-0.25,1.1499999999999997,-1.1500000000000001,1.1194948109258862,0.9296693815033592,1.0803962275115793,1.0053935599113348,0.0,0.0,2.220446049250313e-16,2.220446049250313e-16
11,0.2,0.5,2.5,24,96,0.25000000000000006,-0.24999999999999997,1.2500000000000002,-1.2499999999999998,1.0907080404897316,1.0531633249042682,1.1132764485171895,1.0739677746123053,5.551115123125783e-17,2.7755575615628914e-17,2.220446049250313e-16,2.220446049250313e-16
12,0.2,0.7,0.5,24,96,0.34999999999999987,-0.35000000000000003,0.24999999999999992,-0.24999999999999992,1.2379655136780463,1.0230367380610716,0.9458217439924579,1.1012111100410018,1.1102230246251565e-16,5.551115123125783e-17,8.326672684688674e-17,8.326672684688674e-17
13,0.2,0.7,0.7,24,96,0.3499999999999999,-0.35000000000000003,0.3500000000000001,-0.3500000000000001,1.208767781393695,0.8898632084519018,0.9119477808788312,1.0021195281520072,5.551115123125783e-17,5.551115123125783e-17,1.1102230246251565e-16,1.1102230246251565e-16
14,0.2,0.7,0.9,24,96,0.35000000000000003,-0.3499999999999999,0.45,-0.45,0.797863786076916,0.9999038590366617,1.1491574976859231,1.075956977925322,5.551115123125783e-17,5.551115123125783e-17,0.0,0.0
15,0.2,0.7,1.1,24,96,0.3499999999999999,-0.34999999999999987,0.55,-0.5499999999999999,1.2037529803708915,0.9376596261882125,0.804118292517791,0.8898096780980366,5.551115123125783e-17,1.1102230246251565e-16,0.0,1.1102230246251565e-16
16,0.2,0.7,1.3,24,96,0.35000000000000003,-0.3499999999999999,0.6500000000000001,-0.6500000000000001,1.3992206608696074,0.9909145675850719,1.1566265273170242,1.0532128992734262,5.551115123125783e-17,5.551115123125783e-17,1.1102230246251565e-16,1.1102230246251565e-16
17,0.2,0.7,1.5,24,96,0.3499999999999999,-0.35000000000000003,0.7499999999999999,-0.75,1.089721029691095,1.0938432963018578,1.140564056335566,1.0717597935960905,5.551115123125783e-17,5.551115123125783e-17,1.1102230246251565e-16,0.0
18,0.2,0.7,1.7,24,96,0.3499999999999999,-0.35000000000000003,0.85,-0.85,1.0340201454485198,0.9789312533812572,0.6916236610632088,0.9936613381389905,5.551115123125783e-17,5.551115123125783e-17,0.0,0.0
19,0.2,0.7,1.9,24,96,0.3499999999999999,-0.3499999999999999,0.9500000000000001,-0.9499999999999998,1.156115328923831,0.9989616941017795,0.8169722318923769,0.9104692183309827,5.551115123125783e-17,5.551115123125783e-17,1.1102230246251565e-16,1.1102230246251565e-16
20,0.2,0.7,2.1,24,96,0.3499999999999998,-0.3499999999999999,1.05,-1.05,1.0949850929821985,0.9570548994843664,1.0054533041285463,1.021450169331971,1.6653345369377348e-16,5.551115123125783e-17,0.0,0.0
21,0.2,0.7,2.3,24,96,0.35000000000000003,-0.3499999999999999,1.1500000000000001,-1.1499999999999997,1.1887266141018022,1.0421926236934482,0.7947620082109712,1.0735530914326292,5.551115123125783e-17,5.551115123125783e-17,2.220446049250313e-16,2.220446049250313e-16
22,0.2,0.7,2.5,24,96,0.3500000000000001,-0.35000000000000003,1.25,-1.2499999999999998,1.0369184197747878,0.8964134104401904,0.8367594966221266,0.9193557232322755,1.1102230246251565e-16,5.551115123125783e-17,0.0,2.220446049250313e-16
23,0.2,0.9,0.5,24,96,0.4500000000000001,-0.45,0.24999999999999992,-0.25,0.8266309644863786,0.919277843924234,0.8641513632287551,0.838562373281866,1.1102230246251565e-16,0.0,8.326672684688674e-17,0.0
24,0.2,0.9,0.7,24,96,0.4500000000000001,-0.45,0.3499999999999999,-0.3499999999999999,0.9250624109995512,0.8991338851883006,1.1863610468235757,0.9902363075611283,1.1102230246251565e-16,0.0,5.551115123125783e-17,5.551115123125783e-17
25,0.2,0.9,0.9,24,96,0.44999999999999996,-0.45,0.45,-0.44999999999999996,1.02097909879544,1.093320477599711,0.9717127984314581,1.1220834603211283,5.551115123125783e-17,0.0,0.0,5.551115123125783e-17
26,0.2,0.9,1.1,24,96,0.45,-0.45,0.55,-0.5499999999999999,0.9433492837696339,1.0876602506740212,1.0485587694349912,1.1573703297725089,0.0,0.0,0.0,1.1102230246251565e-16
27,0.2,0.9,1.3,24,96,0.45,-0.45,0.6499999999999999,-0.6499999999999999,0.9410186099394855,1.0413669560029888,1.1776014816872464,1.0880294948376017,0.0,0.0,1.1102230246251565e-16,1.1102230246251565e-16
28,0.2,0.9,1.5,24,96,0.44999999999999996,-0.45,0.75,-0.75,0.9536385041127894,1.0627646116094858,1.2846307612739096,0.9470016598865989,5.551115123125783e-17,0.0,0.0,0.0
29,0.2,0.9,1.7,24,96,0.45,-0.4499999999999999,0.85,-0.85,0.8774017754525365,0.9160078990923526,1.2396239249889525,1.04522021454387,0.0,1.1102230246251565e-16,0.0,0.0
30,0.2,0.9,1.9,24,96,0.45,-0.44999999999999996,0.9499999999999998,-0.9499999999999998,0.7164566053577386,0.9969667203441203,0.8557662202323769,0.9620094503536437,0.0,5.551115123125783e-17,1.1102230246251565e-16,1.1102230246251565e-16
31,0.2,0.9,2.1,24,96,0.45,-0.45,1.05,-1.05,0.7521543232961471,1.0821872323946886,0.9586672850823461,1.0443805703507443,0.0,0.0,0.0,0.0
32,0.2,0.9,2.3,24,96,0.45,-0.44999999999999996,1.1500000000000001,-1.1499999999999997,0.96183099731134,1.0416074408059601,0.9351881422733798,0.9672954617712854,0.0,5.551115123125783e-17,2.220446049250313e-16,2.220446049250313e-16
33,0.2,0.9,2.5,24,96,0.4500000000000002,-0.45,1.25,-1.25,1.162938522360447,0.9537156447276046,1.08776091120843,1.0806051762388627,1.6653345369377348e-16,0.0,0.0,0.0
34,0.2,1.1,0.5,24,96,0.5500000000000002,-0.55,0.25,-0.25,0.8095860880085469,1.0435630500940196,0.7802152986824407,0.9882297787762024,1.1102230246251565e-16,0.0,0.0,0.0
35,0.2,1.1,0.7,24,96,0.5500000000000002,-0.5499999999999999,0.3499999999999999,-0.35000000000000003,0.9037137176042107,0.9312730292897755,0.9363755285095325,0.9386603557268967,1.1102230246251565e-16,1.1102230246251565e-16,5.551115123125783e-17,5.551115123125783e-17
36,0.2,1.1,0.9,24,96,0.5500000000000002,-0.55,0.45,-0.4499999999999999,0.9367758619823646,0.9286776401857451,0.8526295857076882,0.9883453016957551,1.1102230246251565e-16,0.0,0.0,1.1102230246251565e-16
37,0.2,1.1,1.1,24,96,0.55,-0.5499999999999999,0.55,-0.55,1.0927334715652803,0.9557426767139628,1.1143373631161344,0.9898592189673509,0.0,1.1102230246251565e-16,0.0,0.0
38,0.2,1.1,1.3,24,96,0.5500000000000002,-0.55,0.65,-0.6500000000000001,0.8818907439004454,0.9643718025526296,1.0158218490217978,0.9289152472691022,1.1102230246251565e-16,0.0,0.0,1.1102230246251565e-16
39,0.2,1.1,1.5,24,96,0.5499999999999999,-0.55,0.7500000000000001,-0.75,0.7704403085658725,0.8859402595384412,1.015874336907409,0.9053412194759642,1.1102230246251565e-16,0.0,1.1102230246251565e-16,0.0
40,0.2,1.1,1.7,24,96,0.5500000000000002,-0.5499999999999999,0.85,-0.85,0.958603853206158,1.0275333406181502,1.0417968169672922,1.102864838948264,1.1102230246251565e-16,1.1102230246251565e-16,0.0,0.0
41,0.2,1.1,1.9,24,96,0.5499999999999999,-0.5500000000000002,0.9499999999999998,-0.9499999999999998,1.1641910913499554,0.9562276631190135,0.8022191088703577,0.9457844095229411,1.1102230246251565e-16,1.1102230246251565e-16,1.1102230246251565e-16,1.1102230246251565e-16
42,0.2,1.1,2.1,24,96,0.55,-0.5500000000000002,1.05,-1.0499999999999998,0.8226193924177373,0.9506600910171131,0.9556085621022605,0.8936373394718787,0.0,1.1102230246251565e-16,0.0,2.220446049250313e-16
43,0.2,1.1,2.3,24,96,0.5499999999999999,-0.5500000000000002,1.1500000000000001,-1.1500000000000001,1.0158044975395,1.0400953912078588,1.1037331903651881,1.0310844480839454,1.1102230246251565e-16,1.1102230246251565e-16,2.220446049250313e-16,2.220446049250313e-16
44,0.2,1.1,2.5,24,96,0.5500000000000002,-0.55,1.2499999999999998,-1.25,1.191683387212,0.969330779577285,1.0618509352254408,0.984508402462261,1.1102230246251565e-16,0.0,2.220446049250313e-16,0.0
45,0.2,1.3,0.5,24,96,0.6499999999999999,-0.65,0.25,-0.25,0.8167027489506419,0.8386697586174856,1.0021322589547266,1.0117004762813366,1.1102230246251565e-16,0.0,0.0,0.0
46,0.2,1.3,0.7,24,96,0.6499999999999999,-0.6499999999999999,0.3499999999999999,-0.35000000000000003,0.9229916909190206,1.0166355992596199,0.977625658669018,0.9753221278444858,1.1102230246251565e-16,1.1102230246251565e-16,5.551115123125783e-17,5.551115123125783e-17
47,0.2,1.3,0.9,24,96,0.65,-0.65,0.45,-0.45,0.9054225519892218,1.0276867899763371,1.0308283784656407,1.0422539462249043,0.0,0.0,0.0,0.0
48,0.2,1.3,1.1,24,96,0.65,-0.65,0.5500000000000002,-0.5500000000000002,0.9832036838266918,0.947761918296374,1.0698093933765456,0.8966303338017939,0.0,0.0,1.1102230246251565e-16,1.1102230246251565e-16
49,0.2,1.3,1.3,24,96,0.6499999999999999,-0.65,0.65,-0.6500000000000001,0.8895423561419002,1.1176214189828675,1.0059355448665028,0.9756961670374418,1.1102230246251565e-16,0.0,0.0,1.1102230246251565e-16
50,0.2,1.3,1.5,24,96,0.65,-0.6500000000000002,0.7499999999999999,-0.75,0.7050986510723238,1.083717151373621,0.9092854173701761,0.9524638349017069,0.0,2.220446049250313e-16,1.1102230246251565e-16,0.0
51,0.2,1.3,1.7,24,96,0.6499999999999999,-0.6499999999999999,0.85,-0.85,0.90540817121955,1.1204347835112811,0.9515614252737611,1.0960654203015083,1.1102230246251565e-16,1.1102230246251565e-16,0.0,0.0
52,0.2,1.3,1.9,24,96,0.65,-0.65,0.9500000000000002,-0.9500000000000001,1.116939884710564,0.9700203378285929,0.9746553342975102,0.9397773733286693,0.0,0.0,2.220446049250313e-16,1.1102230246251565e-16
53,0.2,1.3,2.1,24,96,0.65,-0.65,1.05,-1.05,1.2082583865811436,0.9785576480505437,0.9645309219132887,1.021601622963115,0.0,0.0,0.0,0.0
54,0.2,1.3,2.3,24,96,0.65,-0.65,1.1500000000000001,-1.1499999999999997,1.2321619705978255,0.8735640725862023,0.9649019297925105,0.9465615809354151,0.0,0.0,2.220446049250313e-16,2.220446049250313e-16
55,0.2,1.3,2.5,24,96,0.65,-0.6499999999999999,1.25,-1.25,0.8840487523648488,0.9875169051575615,0.9584167874856246,1.0820121145854447,0.0,1.1102230246251565e-16,0.0,0.0
56,0.2,1.5,0.5,24,96,0.75,-0.7500000000000001,0.25,-0.25,1.0475559949254332,0.9179666237875843,0.8679039987074255,0.9798283070171582,0.0,1.1102230246251565e-16,0.0,0.0
57,0.2,1.5,0.7,24,96,0.75,-0.75,0.3499999999999999,-0.3499999999999999,0.6778138557810894,0.8932605022629513,0.9338771867440311,0.8737087159016224,0.0,0.0,5.551115123125783e-17,5.551115123125783e-17
58,0.2,1.5,0.9,24,96,0.75,-0.75,0.45,-0.44999999999999996,1.1456111811899818,0.8759450850817029,0.9591179387730382,0.9797272796940935,0.0,0.0,0.0,5.551115123125783e-17
59,0.2,1.5,1.1,24,96,0.75,-0.7499999999999999,0.5500000000000002,-0.5500000000000002,1.1523995019491318,1.0157752697705626,0.893232552505389,1.0043551882404431,0.0,1.1102230246251565e-16,1.1102230246251565e-16,1.1102230246251565e-16
60,0.2,1.5,1.3,24,96,0.75,-0.7499999999999999,0.65,-0.6499999999999999,1.0158029025026905,0.980684308869147,1.0066116574704298,1.0100352386189664,0.0,1.1102230246251565e-16,0.0,1.1102230246251565e-16
61,0.2,1.5,1.5,24,96,0.75,-0.75,0.75,-0.7500000000000001,0.9713043665284705,1.0138544736438408,0.9284754189095471,0.9471194191050996,0.0,0.0,0.0,1.1102230246251565e-16
62,0.2,1.5,1.7,24,96,0.75,-0.75,0.8499999999999998,-0.85,1.1255363631414723,0.8691677949734857,1.100706212458752,0.9907765407073964,0.0,0.0,2.220446049250313e-16,0.0
63,0.2,1.5,1.9,24,96,0.7500000000000001,-0.75,0.9499999999999998,-0.9499999999999998,1.1004970467625734,1.1267541701307917,0.7386359447384827,0.992716626720004,1.1102230246251565e-16,0.0,1.1102230246251565e-16,1.1102230246251565e-16
64,0.2,1.5,2.1,24,96,0.7500000000000001,-0.7500000000000001,1.05,-1.05,0.8823042618403839,0.9345512883525178,0.9344215113765288,1.0502841028302892,1.1102230246251565e-16,1.1102230246251565e-16,0.0,0.0
65,0.2,1.5,2.3,24,96,0.75,-0.75,1.1499999999999997,-1.1499999999999997,0.9387764561542066,0.9883606269117748,0.7698524791036089,1.077473812581867,0.0,0.0,2.220446049250313e-16,2.220446049250313e-16
66,0.2,1.5,2.5,24,96,0.75,-0.75,1.25,-1.2499999999999998,0.907331846268158,1.0382288972495595,0.7807334993664352,1.06156815168819,0.0,0.0,0.0,2.220446049250313e-16
67,0.2,1.7,0.5,24,96,0.8499999999999998,-0.85,0.25,-0.25,0.9689313048289108,1.0204020425395925,0.8185339836731568,0.9801588884230974,2.220446049250313e-16,0.0,0.0,0.0
68,0.2,1.7,0.7,24,96,0.8499999999999998,-0.85,0.34999999999999987,-0.3499999999999999,1.1356807856973756,0.9929083027143989,1.1101249593602927,1.0280423999115214,2.220446049250313e-16,0.0,1.1102230246251565e-16,5.551115123125783e-17
69,0.2,1.7,0.9,24,96,0.8500000000000001,-0.8500000000000002,0.45,-0.44999999999999996,1.1178494021580858,0.9578614985135567,1.1502200191389516,0.9487319164715617,1.1102230246251565e-16,2.220446049250313e-16,0.0,5.551115123125783e-17
70,0.2,1.7,1.1,24,96,0.85,-0.85,0.5499999999999999,-0.5500000000000002,0.963322124730484,1.0169289106475716,0.8548004710776191,1.0094857250624407,0.0,0.0,1.1102230246251565e-16,1.1102230246251565e-16
71,0.2,1.7,1.3,24,96,0.8500000000000001,-0.85,0.6500000000000001,-0.65,0.849092739586503,1.1207431209444716,0.982117073666125,1.0348995337767994,1.1102230246251565e-16,0.0,1.1102230246251565e-16,0.0
72,0.2,1.7,1.5,24,96,0.85,-0.8500000000000001,0.75,-0.75,0.8821764562064282,0.9986216857718964,0.8534824623399418,0.9268452316347553,0.0,1.1102230246251565e-16,0.0,0.0
73,0.2,1.7,1.7,24,96,0.8500000000000001,-0.8500000000000001,0.85,-0.8500000000000001,1.2111045154832831,1.0355161211129078,0.7053594076220768,0.9163895631491579,1.1102230246251565e-16,1.1102230246251565e-16,0.0,1.1102230246251565e-16
74,0.2,1.7,1.9,24,96,0.85,-0.85,0.9499999999999997,-0.9500000000000001,0.8709561567048781,0.9485584275001246,1.1195419037807934,0.9173488094555394,0.0,0.0,2.220446049250313e-16,1.1102230246251565e-16
75,0.2,1.7,2.1,24,96,0.85,-0.85,1.05,-1.05,0.9000439807238365,0.8975156629015175,0.8379543163067292,1.0260923420673091,0.0,0.0,0.0,0.0
76,0.2,1.7,2.3,24,96,0.85,-0.85,1.1499999999999997,-1.15,1.0320018964803521,0.9446514294082992,0.9511586264802121,0.9967490024928355,0.0,0.0,2.220446049250313e-16,0.0
77,0.2,1.7,2.5,24,96,0.85,-0.85,1.2500000000000002,-1.2500000000000002,0.8487321407998345,0.8844518358084664,0.6292275511565987,0.8974028637760165,0.0,0.0,2.220446049250313e-16,2.220446049250313e-16
78,0.2,1.9,0.5,24,96,0.9500000000000002,-0.9500000000000001,0.24999999999999997,-0.25000000000000006,1.0241420261157348,0.9495183898440189,1.0691718778297938,1.0024231325317958,2.220446049250313e-16,1.1102230246251565e-16,2.7755575615628914e-17,5.551115123125783e-17
79,0.2,1.9,0.7,24,96,0.9500000000000001,-0.9500000000000002,0.3500000000000001,-0.3499999999999999,0.9175700950810661,0.8587054806556476,0.7358754080198602,1.010031565148347,1.1102230246251565e-16,2.220446049250313e-16,1.1102230246251565e-16,5.551115123125783e-17
80,0.2,1.9,0.9,24,96,0.9499999999999998,-0.9499999999999998,0.45,-0.45,1.0625632986111921,1.056400790065353,0.7786889719589298,1.0066777181533433,1.1102230246251565e-16,1.1102230246251565e-16,0.0,0.0
81,0.2,1.9,1.1,24,96,0.9499999999999998,-0.9499999999999998,0.5500000000000002,-0.5500000000000002,1.0018000743827995,0.9841018850360448,0.9996393823938796,0.9125630911622733,1.1102230246251565e-16,1.1102230246251565e-16,1.1102230246251565e-16,1.1102230246251565e-16
82,0.2,1.9,1.3,24,96,0.9500000000000001,-0.9499999999999998,0.65,-0.65,0.6755270763201663,0.9629115226749585,1.2429026213213146,0.917832227482794,1.1102230246251565e-16,1.1102230246251565e-16,0.0,0.0
83,0.2,1.9,1.5,24,96,0.9500000000000001,-0.9499999999999998,0.75,-0.7499999999999999,1.0470951652160558,0.9807755502323653,0.8060030443798887,0.9778898752636321,1.1102230246251565e-16,1.1102230246251565e-16,0.0,1.1102230246251565e-16
84,0.2,1.9,1.7,24,96,0.9499999999999998,-0.9499999999999998,0.85,-0.85,0.6278958025268856,1.104349774649835,1.167324271154319,1.0508735372652072,1.1102230246251565e-16,1.1102230246251565e-16,0.0,0.0
85,0.2,1.9,1.9,24,96,0.9499999999999998,-0.9499999999999997,0.9499999999999998,-0.9499999999999998,0.8853129756345212,0.9856856646375936,1.0971422967637856,1.0351304445554628,1.1102230246251565e-16,2.220446049250313e-16,1.1102230246251565e-16,1.1102230246251565e-16
86,0.2,1.9,2.1,24,96,0.9499999999999998,-0.9500000000000001,1.0499999999999998,-1.0499999999999998,1.0063523928944638,1.0140711763074413,1.2818592973947671,0.967887523363191,1.1102230246251565e-16,1.1102230246251565e-16,2.220446049250313e-16,2.220446049250313e-16
87,0.2,1.9,2.3,24,96,0.9499999999999998,-0.9499999999999998,1.1500000000000001,-1.15,1.105053575429019,1.030653230060286,1.0679676276258705,0.9916848102662713,1.1102230246251565e-16,1.1102230246251565e-16,2.220446049250313e-16,0.0
88,0.2,1.9,2.5,24,96,0.9499999999999998,-0.9499999999999998,1.2499999999999998,-1.2500000000000002,0.8263323373892731,1.0945204234903791,1.151728678210925,0.9282075305747431,1.1102230246251565e-16,1.1102230246251565e-16,2.220446049250313e-16,2.220446049250313e-16
89,0.2,2.1,0.5,24,96,1.05,-1.05,0.24999999999999997,-0.25,0.8928096854885847,0.9970060065455665,1.1628267781282007,0.9967183315431563,0.0,0.0,2.7755575615628914e-17,0.0
90,0.2,2.1,0.7,24,96,1.05,-1.05,0.3499999999999999,-0.35000000000000003,0.8276161489353638,1.049917177304751,0.9994083981362589,1.0733764519548574,0.0,0.0,5.551115123125783e-17,5.551115123125783e-17
91,0.2,2.1,0.9,24,96,1.05,-1.05,0.44999999999999996,-0.45,1.0077802182357942,1.068312195368383,1.2376231769600765,1.0635893582073894,0.0,0.0,5.551115123125783e-17,0.0
92,0.2,2.1,1.1,24,96,1.0500000000000003,-1.0499999999999998,0.5500000000000002,-0.5499999999999999,1.0350437344955825,0.961909780132988,0.9589918223519218,1.0155319685174293,2.220446049250313e-16,2.220446049250313e-16,1.1102230246251565e-16,1.1102230246251565e-16
93,0.2,2.1,1.3,24,96,1.05,-1.05,0.65,-0.6500000000000002,0.8525382518753756,0.9524219259895081,1.0143402560066275,1.1005801627313576,0.0,0.0,0.0,2.220446049250313e-16
94,0.2,2.1,1.5,24,96,1.0500000000000003,-1.05,0.75,-0.75,1.1143100487823916,0.9558943187996978,0.8589680381480772,0.912665648933945,2.220446049250313e-16,0.0,0.0,0.0
95,0.2,2.1,1.7,24,96,1.05,-1.05,0.85,-0.8500000000000002,0.8025449677866242,0.9697467443981992,0.8459736293967085,1.0281627475221737,0.0,0.0,0.0,2.220446049250313e-16
96,0.2,2.1,1.9,24,96,1.05,-1.05,0.9500000000000001,-0.9500000000000001,0.8006217685270559,1.0061472860549254,0.9110181703052981,1.014412075555984,0.0,0.0,1.1102230246251565e-16,1.1102230246251565e-16
97,0.2,2.1,2.1,24,96,1.05,-1.05,1.05,-1.05,0.9569575268326901,0.967224722272342,1.0212902272340512,1.0319713470815717,0.0,0.0,0.0,0.0
98,0.2,2.1,2.3,24,96,1.05,-1.05,1.1499999999999997,-1.1499999999999997,0.8978416714890028,1.0166947341199817,0.9816320717092375,0.9408760910060585,0.0,0.0,2.220446049250313e-16,2.220446049250313e-16
99,0.2,2.1,2.5,24,96,1.05,-1.05,1.2500000000000002,-1.2499999999999998,1.2128827663280213,0.8714637681741237,1.0666025649892388,0.9965916579948524,0.0,0.0,2.220446049250313e-16,2.220446049250313e-16
100,0.2,2.3,0.5,24,96,1.1500000000000001,-1.1500000000000001,0.24999999999999992,-0.25000000000000006,0.943733732428955,1.0655411906841439,1.1493989881019182,0.959463864576148,2.220446049250313e-16,2.220446049250313e-16,8.326672684688674e-17,5.551115123125783e-17
101,0.2,2.3,0.7,24,96,1.1499999999999997,-1.1499999999999997,0.3499999999999999,-0.3499999999999999,0.9565629450383636,0.9743687745648428,1.0704259532178166,0.9715985734109426,2.220446049250313e-16,2.220446049250313e-16,5.551115123125783e-17,5.551115123125783e-17
102,0.2,2.3,0.9,24,96,1.1500000000000001,-1.1500000000000001,0.44999999999999996,-0.4499999999999999,1.187379341707011,0.9317689628911903,0.8026811820904088,1.051959794494619,2.220446049250313e-16,2.220446049250313e-16,5.551115123125783e-17,1.1102230246251565e-16
103,0.2,2.3,1.1,24,96,1.1499999999999997,-1.1500000000000001,0.55,-0.5500000000000002,0.8689587682261415,1.055443779232999,1.1424345754449376,0.9951673933856091,2.220446049250313e-16,2.220446049250313e-16,0.0,1.1102230246251565e-16
104,0.2,2.3,1.3,24,96,1.1500000000000001,-1.1500000000000001,0.65,-0.6499999999999999,0.9955954378906191,0.9320066232329197,1.0018814178543185,1.2323445457721292,2.220446049250313e-16,2.220446049250313e-16,0.0,1.1102230246251565e-16
105,0.2,2.3,1.5,24,96,1.1500000000000001,-1.15,0.75,-0.75,0.9920208818479436,1.0286418230500725,1.2370078392261314,0.9230142929631981,2.220446049250313e-16,0.0,0.0,0.0
106,0.2,2.3,1.7,24,96,1.15,-1.15,0.85,-0.85,1.10188000070706,1.0586414417676282,1.313859646512653,1.1853717819876173,0.0,0.0,0.0,0.0
107,0.2,2.3,1.9,24,96,1.1499999999999997,-1.1500000000000001,0.9499999999999998,-0.9500000000000002,1.1284838515149822,0.865382430304606,0.8737592698809379,1.0252128412418997,2.220446049250313e-16,2.220446049250313e-16,1.1102230246251565e-16,2.220446049250313e-16
108,0.2,2.3,2.1,24,96,1.15,-1.15,1.05,-1.05,0.9418317574689448,0.883908582048474,0.9797043735772928,1.0160576883120032,0.0,0.0,0.0,0.0
109,0.2,2.3,2.3,24,96,1.1500000000000001,-1.1499999999999997,1.1499999999999997,-1.1499999999999997,1.0485382132534597,0.9509662823912601,1.0932183629314365,1.0449006281970044,2.220446049250313e-16,2.220446049250313e-16,2.220446049250313e-16,2.220446049250313e-16
110,0.2,2.3,2.5,24,96,1.1500000000000001,-1.15,1.25,-1.2500000000000002,1.215940175525334,1.0567160312203245,0.990752218148813,1.0678007378782306,2.220446049250313e-16,0.0,0.0,2.220446049250313e-16
111,0.2,2.5,0.5,24,96,1.25,-1.25,0.25,-0.25000000000000006,1.0862439119124974,0.976382236127715,0.9126922620364127,0.949943539272599,0.0,0.0,0.0,5.551115123125783e-17
112,0.2,2.5,0.7,24,96,1.2500000000000002,-1.2499999999999998,0.35000000000000003,-0.34999999999999987,0.8385884791397337,0.9940421951970645,0.8956114479931494,0.99857719558401,2.220446049250313e-16,2.220446049250313e-16,5.551115123125783e-17,1.1102230246251565e-16
113,0.2,2.5,0.9,24,96,1.2500000000000002,-1.2500000000000002,0.44999999999999996,-0.45,0.7116733978963724,0.9673497281028746,0.7505463748151365,1.0537674200376503,2.220446049250313e-16,2.220446049250313e-16,5.551115123125783e-17,0.0
114,0.2,2.5,1.1,24,96,1.2499999999999998,-1.2500000000000002,0.5500000000000002,-0.55,0.9387348136700177,1.0631607755462402,1.0799382550726904,0.9009165649238648,2.220446049250313e-16,2.220446049250313e-16,1.1102230246251565e-16,0.0
115,0.2,2.5,1.3,24,96,1.25,-1.25,0.65,-0.6499999999999999,0.9717298505551651,0.9694192777418692,1.2002671114402985,0.9407251499600116,0.0,0.0,0.0,1.1102230246251565e-16
116,0.2,2.5,1.5,24,96,1.25,-1.25,0.75,-0.75,0.8469754041979678,0.9918064507288629,0.809349303083159,0.9733662033317341,0.0,0.0,0.0,0.0
117,0.2,2.5,1.7,24,96,1.2499999999999998,-1.25,0.85,-0.85,1.0244411867852428,0.9513239181385167,0.9946864745098155,1.0245068733759597,2.220446049250313e-16,0.0,0.0,0.0
118,0.2,2.5,1.9,24,96,1.25,-1.25,0.9500000000000001,-0.9499999999999998,1.0208340734863142,0.9786836521015123,0.7745364217362708,0.9089508306224626,0.0,0.0,1.1102230246251565e-16,1.1102230246251565e-16
119,0.2,2.5,2.1,24,96,1.25,-1.25,1.05,-1.05,0.9602061151147164,0.9140059329383673,1.0900804742381525,1.0633814038172351,0.0,0.0,0.0,0.0
120,0.2,2.5,2.3,24,96,1.2499999999999998,-1.25,1.1500000000000001,-1.1499999999999997,1.0658786070675788,1.0018947088271037,1.1473085340389015,1.0474142162006763,2.220446049250313e-16,0.0,2.220446049250313e-16,2.220446049250313e-16
121,0.2,2.5,2.5,24,96,1.2500000000000002,-1.25,1.25,-1.25,0.8291489699605153,1.0529862126931442,1.037131699708518,0.9598996369256902,2.220446049250313e-16,0.0,0.0,0.0
122,0.35,0.5,0.5,42,78,0.24999999999999994,-0.2500000000000001,0.25000000000000006,-0.24999999999999992,0.9847079781391684,0.8272720022915702,1.141254900372535,0.9381758961493556,5.551115123125783e-17,1.1102230246251565e-16,5.551115123125783e-17,8.326672684688674e-17
123,0.35,0.5,0.7,42,78,0.25,-0.24999999999999994,0.35,-0.35000000000000003,0.9903364258082411,0.9884643801438966,1.0326687161175767,0.9844940232439613,0.0,5.551115123125783e-17,0.0,5.551115123125783e-17
124,0.35,0.5,0.9,42,78,0.25,-0.24999999999999992,0.44999999999999996,-0.4499999999999999,1.0192077480058515,1.0404565098193241,0.7913134356683782,0.8457863379893897,0.0,8.326672684688674e-17,5.551115123125783e-17,1.1102230246251565e-16
125,0.35,0.5,1.1,42,78,0.25000000000000006,-0.24999999999999994,0.55,-0.5499999999999999,1.0138216798249682,0.9749832122258046,0.9850086102766469,0.9030278072176823,5.551115123125783e-17,5.551115123125783e-17,0.0,1.1102230246251565e-16
126,0.35,0.5,1.3,42,78,0.24999999999999992,-0.25,0.65,-0.6499999999999999,1.0404856208580997,1.0140072950297603,1.0346687054389583,1.092955631992532,8.326672684688674e-17,0.0,0.0,1.1102230246251565e-16
127,0.35,0.5,1.5,42,78,0.25,-0.25000000000000006,0.7499999999999999,-0.7500000000000001,1.0977472935125245,0.8640331182287415,1.0613681753483761,0.8824794031473892,0.0,5.551115123125783e-17,1.1102230246251565e-16,1.1102230246251565e-16
128,0.35,0.5,1.7,42,78,0.25,-0.24999999999999994,0.8500000000000001,-0.8500000000000003,1.149212699302136,0.9805037308006276,1.0005376499639391,0.9636278404992803,0.0,5.551115123125783e-17,1.1102230246251565e-16,3.3306690738754696e-16
129,0.35,0.5,1.9,42,78,0.25,-0.25,0.9499999999999998,-0.9500000000000001,1.2088784557292334,1.0660017722359083,0.9903178715267649,1.0356481956223207,0.0,0.0,1.1102230246251565e-16,1.1102230246251565e-16
130,0.35,0.5,2.1,42,78,0.25,-0.24999999999999994,1.0500000000000003,-1.0499999999999998,0.9541782599236386,1.0755720505747348,0.9643396825401473,0.8840424851228247,0.0,5.551115123125783e-17,2.220446049250313e-16,2.220446049250313e-16
131,0.35,0.5,2.3,42,78,0.25,-0.25000000000000006,1.1499999999999997,-1.15,1.0985421745116546,1.048837140509827,0.960856896096423,0.8762678778331886,0.0,5.551115123125783e-17,2.220446049250313e-16,0.0
132,0.35,0.5,2.5,42,78,0.25000000000000006,-0.24999999999999994,1.2499999999999998,-1.2499999999999998,0.8602693312672639,0.8608317246409407,0.8295156435932892,1.0199020205222862,5.551115123125783e-17,5.551115123125783e-17,2.220446049250313e-16,2.220446049250313e-16
133,0.35,0.7,0.5,42,78,0.35,-0.3499999999999999,0.25,-0.25000000000000006,0.853937848043973,0.8477373710034501,0.9448162208646342,1.0108160331055132,0.0,5.551115123125783e-17,0.0,5.551115123125783e-17
134,0.35,0.7,0.7,42,78,0.3500000000000001,-0.35,0.3499999999999999,-0.35000000000000003,0.9382488534729593,1.1470036849546585,1.0299302036750548,0.9987178658314949,1.1102230246251565e-16,0.0,5.551115123125783e-17,5.551115123125783e-17
135,0.35,0.7,0.9,42,78,0.35000000000000003,-0.3499999999999999,0.4499999999999999,-0.4499999999999999,1.1393485048011598,1.081934062324268,1.0497427426792258,0.938249974541984,5.551115123125783e-17,5.551115123125783e-17,1.1102230246251565e-16,1.1102230246251565e-16
136,0.35,0.7,1.1,42,78,0.35000000000000003,-0.35000000000000003,0.55,-0.5500000000000002,0.9504281887293772,1.0747756575272036,1.036477462575542,0.869793627980576,5.551115123125783e-17,5.551115123125783e-17,0.0,1.1102230246251565e-16
137,0.35,0.7,1.3,42,78,0.3499999999999999,-0.35000000000000003,0.6499999999999999,-0.6500000000000001,0.8028584693118166,0.9502525340528437,0.9270173821910898,0.9812412359674366,5.551115123125783e-17,5.551115123125783e-17,1.1102230246251565e-16,1.1102230246251565e-16
138,0.35,0.7,1.5,42,78,0.35000000000000003,-0.35,0.7500000000000002,-0.7499999999999999,1.0055996236834261,1.0679413775934012,1.0408691552688567,1.1287559796377056,5.551115123125783e-17,0.0,2.220446049250313e-16,1.1102230246251565e-16
139,0.35,0.7,1.7,42,78,0.3500000000000001,-0.35000000000000003,0.8500000000000001,-0.85,1.1615119977399002,1.046595709367206,0.8711380332572862,1.088110922087092,1.1102230246251565e-16,5.551115123125783e-17,1.1102230246251565e-16,0.0
140,0.35,0.7,1.9,42,78,0.3499999999999999,-0.35000000000000003,0.9499999999999998,-0.95,0.9087017496924888,0.9421220365888672,0.9890808057533258,0.8962168944417676,5.551115123125783e-17,5.551115123125783e-17,1.1102230246251565e-16,0.0
141,0.35,0.7,2.1,42,78,0.35,-0.3499999999999998,1.0500000000000003,-1.0499999999999996,0.9317028747585006,1.027073378279862,1.0579744832306937,1.0628851154839585,0.0,1.6653345369377348e-16,2.220446049250313e-16,4.440892098500626e-16
142,0.35,0.7,2.3,42,78,0.35,-0.35,1.1499999999999997,-1.1499999999999997,1.0803531504282977,1.0171114753866084,0.9497576123621077,0.8563854946615969,0.0,0.0,2.220446049250313e-16,2.220446049250313e-16
143,0.35,0.7,2.5,42,78,0.35000000000000003,-0.35000000000000003,1.2499999999999996,-1.2500000000000002,0.9686926413648272,0.9713497687110955,0.9299517373927758,0.8745842786990496,5.551115123125783e-17,5.551115123125783e-17,4.440892098500626e-16,2.220446049250313e-16
144,0.35,0.9,0.5,42,78,0.45000000000000007,-0.45,0.25,-0.25000000000000006,0.9827200735957979,1.0072910971632523,0.8972412854583616,0.8904538713263475,5.551115123125783e-17,0.0,0.0,5.551115123125783e-17
145,0.35,0.9,0.7,42,78,0.45000000000000007,-0.4499999999999999,0.3499999999999999,-0.35000000000000003,0.9482791892472987,0.9765552914154908,1.0168070474993125,0.9581487711258886,5.551115123125783e-17,1.1102230246251565e-16,5.551115123125783e-17,5.551115123125783e-17
146,0.35,0.9,0.9,42,78,0.44999999999999996,-0.4499999999999999,0.45000000000000007,-0.4499999999999999,1.0056211930950367,1.0762818749016936,1.1743282574405407,1.037210085976673,5.551115123125783e-17,1.1102230246251565e-16,5.551115123125783e-17,1.1102230246251565e-16
147,0.35,0.9,1.1,42,78,0.44999999999999996,-0.4499999999999999,0.55,-0.5499999999999999,0.9407842002789949,1.0678751304607776,0.9827473248773065,1.0465898037712391,5.551115123125783e-17,1.1102230246251565e-16,0.0,1.1102230246251565e-16
148,0.35,0.9,1.3,42,78,0.44999999999999996,-0.4500000000000001,0.6500000000000001,-0.65,0.8033369134479409,0.7984724907218627,0.9971037967485809,0.8497949231692066,5.551115123125783e-17,1.1102230246251565e-16,1.1102230246251565e-16,0.0
149,0.35,0.9,1.5,42,78,0.4499999999999999,-0.44999999999999973,0.75,-0.7500000000000001,1.183719509431428,0.9857885389964518,1.0806676777847595,1.0269230736868786,1.1102230246251565e-16,2.7755575615628914e-16,0.0,1.1102230246251565e-16
150,0.35,0.9,1.7,42,78,0.44999999999999996,-0.45,0.8499999999999999,-0.8500000000000002,0.9951867659795953,0.8710031562339225,1.0067166297794892,0.9741776902995258,5.551115123125783e-17,0.0,1.1102230246251565e-16,2.220446049250313e-16
151,0.35,0.9,1.9,42,78,0.45000000000000007,-0.4500000000000001,0.95,-0.9499999999999997,0.8508289581822552,0.9720073385627249,0.9600787942396356,0.9746237407527564,5.551115123125783e-17,1.1102230246251565e-16,0.0,2.220446049250313e-16
152,0.35,0.9,2.1,42,78,0.45000000000000007,-0.44999999999999984,1.05,-1.0499999999999998,1.0130420068126171,0.8766250885966503,0.8320498798895464,1.1024072641353773,5.551115123125783e-17,1.6653345369377348e-16,0.0,2.220446049250313e-16
153,0.35,0.9,2.3,42,78,0.44999999999999996,-0.44999999999999984,1.1500000000000001,-1.1500000000000001,0.934333270683258,1.067788470011011,0.9127191249546545,0.879095431217176,5.551115123125783e-17,1.6653345369377348e-16,2.220446049250313e-16,2.220446049250313e-16
154,0.35,0.9,2.5,42,78,0.45000000000000007,-0.45,1.2499999999999996,-1.2499999999999998,1.1213113512226298,0.9830525159347909,1.0004632282957249,0.9624158418817774,5.551115123125783e-17,0.0,4.440892098500626e-16,2.220446049250313e-16
155,0.35,1.1,0.5,42,78,0.55,-0.5500000000000002,0.24999999999999994,-0.2500000000000001,0.9871169022770763,0.9540334059567801,0.8866170643331099,0.9260475898683185,0.0,1.1102230246251565e-16,5.551115123125783e-17,1.1102230246251565e-16
156,0.35,1.1,0.7,42,78,0.5499999999999999,-0.55,0.3500000000000001,-0.34999999999999987,1.040666876684564,1.0736387730565795,1.1310908430545819,1.0505970169518029,1.1102230246251565e-16,0.0,1.1102230246251565e-16,1.1102230246251565e-16
157,0.35,1.1,0.9,42,78,0.5500000000000002,-0.5499999999999999,0.44999999999999996,-0.4500000000000002,1.037842537894434,0.9777525063899278,1.0849386770106046,1.0091037574833144,1.1102230246251565e-16,1.1102230246251565e-16,5.551115123125783e-17,1.6653345369377348e-16
158,0.35,1.1,1.1,42,78,0.55,-0.55,0.55,-0.5499999999999999,0.9976415753585604,1.0266347632364092,0.9554377001496498,1.01062256974088,0.0,0.0,0.0,1.1102230246251565e-16
159,0.35,1.1,1.3,42,78,0.55,-0.5499999999999999,0.6500000000000001,-0.6499999999999999,1.092670914578078,0.9468390981782069,1.0558057503717717,1.023623284052592,0.0,1.1102230246251565e-16,1.1102230246251565e-16,1.1102230246251565e-16
160,0.35,1.1,1.5,42,78,0.5499999999999998,-0.5499999999999999,0.7499999999999998,-0.7500000000000001,0.7350338757375223,0.9799667401315411,0.9597512062604969,1.1122105156416482,2.220446049250313e-16,1.1102230246251565e-16,2.220446049250313e-16,1.1102230246251565e-16
161,0.35,1.1,1.7,42,78,0.5500000000000002,-0.55,0.8499999999999999,-0.8500000000000002,0.8550896426253691,0.9791249233434084,0.9051045081693269,0.9337473664693798,1.1102230246251565e-16,0.0,1.1102230246251565e-16,2.220446049250313e-16
162,0.35,1.1,1.9,42,78,0.55,-0.5499999999999999,0.9499999999999996,-0.9500000000000001,0.9912026156583411,1.2222668785568291,1.1212552024741984,1.0046221794231913,0.0,1.1102230246251565e-16,3.3306690738754696e-16,1.1102230246251565e-16
163,0.35,1.1,2.1,42,78,0.55,-0.5499999999999999,1.0499999999999998,-1.0500000000000007,0.9819695911131365,0.9321772540531008,1.0065951598659115,0.9528510699947688,0.0,1.1102230246251565e-16,2.220446049250313e-16,6.661338147750939e-16
164,0.35,1.1,2.3,42,78,0.5500000000000002,-0.5499999999999999,1.1500000000000001,-1.1500000000000001,1.1080079910803584,1.1151040720843317,1.0558203416892715,1.1214163417663607,1.1102230246251565e-16,1.1102230246251565e-16,2.220446049250313e-16,2.220446049250313e-16
165,0.35,1.1,2.5,42,78,0.55,-0.55,1.2499999999999998,-1.2499999999999998,0.8062234866150747,1.1308982810276038,0.9468833216131466,1.0442751707094597,0.0,0.0,2.220446049250313e-16,2.220446049250313e-16
166,0.35,1.3,0.5,42,78,0.65,-0.6500000000000001,0.25,-0.25000000000000006,0.96838350870212,1.0929381484358827,0.8096513213571772,0.9708748239980104,0.0,1.1102230246251565e-16,0.0,5.551115123125783e-17
167,0.35,1.3,0.7,42,78,0.65,-0.65,0.35,-0.3500000000000001,1.01309518115954,1.0422632721415117,1.0428095803745325,1.0870496838374322,0.0,0.0,0.0,1.1102230246251565e-16
168,0.35,1.3,0.9,42,78,0.6499999999999999,-0.6500000000000001,0.44999999999999996,-0.4500000000000001,1.0281681113311487,0.932564561661887,1.0166186627342906,1.095438963352363,1.1102230246251565e-16,1.1102230246251565e-16,5.551115123125783e-17,1.1102230246251565e-16
169,0.35,1.3,1.1,42,78,0.65,-0.65,0.5499999999999998,-0.55,0.907224228637865,1.0532413716356785,0.9072827471929475,1.036153580680484,0.0,0.0,2.220446049250313e-16,0.0
170,0.35,1.3,1.3,42,78,0.65,-0.65,0.6500000000000001,-0.65,1.0869094555747745,0.9944149898662036,0.7972673479438767,0.8496494347140136,0.0,0.0,1.1102230246251565e-16,0.0
171,0.35,1.3,1.5,42,78,0.65,-0.6499999999999999,0.7500000000000001,-0.7500000000000002,1.1155633154839346,1.0855496118765056,1.1649604318126818,1.0350672029509578,0.0,1.1102230246251565e-16,1.1102230246251565e-16,2.220446049250313e-16
172,0.35,1.3,1.7,42,78,0.65,-0.6499999999999998,0.8499999999999999,-0.85,0.9424122278645487,1.1321635213244674,1.0752154337295474,1.001338194410428,0.0,2.220446049250313e-16,1.1102230246251565e-16,0.0
173,0.35,1.3,1.9,42,78,0.6499999999999998,-0.6499999999999998,0.9499999999999998,-0.95,1.146596285498229,1.0253632060070026,0.8348609505134071,1.0628150578127236,2.220446049250313e-16,2.220446049250313e-16,1.1102230246251565e-16,0.0
174,0.35,1.3,2.1,42,78,0.6499999999999999,-0.65,1.05,-1.0500000000000005,0.9910604165455321,0.9516179949436163,0.7832183055266555,1.0855964713347024,1.1102230246251565e-16,0.0,0.0,4.440892098500626e-16
175,0.35,1.3,2.3,42,78,0.65,-0.65,1.1500000000000001,-1.15,0.9439945137211077,0.8789493889744564,1.0530858696931653,1.1329973459158682,0.0,0.0,2.220446049250313e-16,0.0
176,0.35,1.3,2.5,42,78,0.65,-0.65,1.2500000000000002,-1.2500000000000002,0.9200167595467321,1.0585925408608363,0.8611747907380813,0.8843705195439406,0.0,0.0,2.220446049250313e-16,2.220446049250313e-16
177,0.35,1.5,0.5,42,78,0.7500000000000002,-0.7500000000000001,0.24999999999999994,-0.25,1.0558883973902462,0.8815640422996666,0.9972063845544794,0.9885103152393496,2.220446049250313e-16,1.1102230246251565e-16,5.551115123125783e-17,0.0
178,0.35,1.5,0.7,42,78,0.7500000000000002,-0.7500000000000001,0.35000000000000003,-0.35,1.0532073138122477,1.054652597761774,0.954557679145873,0.9769074937652951,2.220446049250313e-16,1.1102230246251565e-16,5.551115123125783e-17,0.0
179,0.35,1.5,0.9,42,78,0.7500000000000001,-0.75,0.44999999999999996,-0.44999999999999973,1.0081411673814398,0.9619444410234139,0.9134756305845688,1.0282275409032178,1.1102230246251565e-16,0.0,5.551115123125783e-17,2.7755575615628914e-16
180,0.35,1.5,1.1,42,78,0.75,-0.7500000000000001,0.5500000000000002,-0.5499999999999999,1.001187888533819,1.0722849459689174,0.9174693953479254,0.9459409917112666,0.0,1.1102230246251565e-16,1.1102230246251565e-16,1.1102230246251565e-16
181,0.35,1.5,1.3,42,78,0.75,-0.7499999999999999,0.6500000000000001,-0.65,1.1170313208382225,1.1314305629025834,0.8111686445382558,0.9500179914556796,0.0,1.1102230246251565e-16,1.1102230246251565e-16,0.0
182,0.35,1.5,1.5,42,78,0.7500000000000001,-0.75,0.75,-0.7499999999999999,0.8508525545107216,1.029115316632083,0.985092344376871,1.109372874688558,1.1102230246251565e-16,0.0,0.0,1.1102230246251565e-16
183,0.35,1.5,1.7,42,78,0.75,-0.75,0.8499999999999999,-0.85,0.8892134314453033,0.9879313583874368,1.0176218951637743,0.9131069463624237,0.0,0.0,1.1102230246251565e-16,0.0
184,0.35,1.5,1.9,42,78,0.75,-0.75,0.95,-0.95,1.182989438624049,1.1632362699728538,1.139797318003918,0.968841553391751,0.0,0.0,0.0,0.0
185,0.35,1.5,2.1,42,78,0.75,-0.75,1.0499999999999996,-1.05,0.8673671143294249,0.9974743163829852,0.8985278503967488,1.058348793820092,0.0,0.0,4.440892098500626e-16,0.0
186,0.35,1.5,2.3,42,78,0.75,-0.7500000000000001,1.1499999999999997,-1.1500000000000001,0.9834468141390907,0.9786852301664075,0.9892402297529796,1.0465834818555353,0.0,1.1102230246251565e-16,2.220446049250313e-16,2.220446049250313e-16
187,0.35,1.5,2.5,42,78,0.75,-0.7499999999999999,1.25,-1.25,1.0518024065492486,0.9666144809322689,1.115282082625237,0.9167572247957453,0.0,1.1102230246251565e-16,0.0,0.0
188,0.35,1.7,0.5,42,78,0.8500000000000001,-0.8500000000000002,0.25,-0.25,1.1146847527711972,0.884176987685581,0.8432334512286775,0.9230429016651811,1.1102230246251565e-16,2.220446049250313e-16,0.0,0.0
189,0.35,1.7,0.7,42,78,0.8500000000000002,-0.85,0.35,-0.35000000000000003,1.0096451593207616,0.9297989427300206,1.0804561222166869,1.1388365360331936,2.220446049250313e-16,0.0,0.0,5.551115123125783e-17
190,0.35,1.7,0.9,42,78,0.8499999999999999,-0.8499999999999998,0.44999999999999996,-0.4500000000000002,0.9706114072977421,0.9943408474706382,0.8839703526552445,0.9175171201507529,1.1102230246251565e-16,2.220446049250313e-16,5.551115123125783e-17,1.6653345369377348e-16
191,0.35,1.7,1.1,42,78,0.8500000000000001,-0.8500000000000002,0.55,-0.55,0.8856755187685799,0.9826695019981064,0.8551157271258724,1.0653534890539906,1.1102230246251565e-16,2.220446049250313e-16,0.0,0.0
192,0.35,1.7,1.3,42,78,0.8499999999999999,-0.8500000000000002,0.6499999999999998,-0.65,1.007401420139664,0.9913153598417951,1.0882336873305576,0.9234030272284486,1.1102230246251565e-16,2.220446049250313e-16,2.220446049250313e-16,0.0
193,0.35,1.7,1.5,42,78,0.8499999999999999,-0.85,0.7500000000000001,-0.75,0.9259429986859147,0.9761488690551369,0.941426213789561,0.9976878722903516,1.1102230246251565e-16,0.0,1.1102230246251565e-16,0.0
194,0.35,1.7,1.7,42,78,0.8499999999999999,-0.85,0.8500000000000001,-0.85,0.8311715838304401,0.9327835108575987,0.9556846878250665,1.0386245576243651,1.1102230246251565e-16,0.0,1.1102230246251565e-16,0.0
195,0.35,1.7,1.9,42,78,0.8499999999999998,-0.8500000000000002,0.9499999999999998,-0.95,0.9493203824867374,0.9975789302792137,0.887243890440264,1.0167492953790234,2.220446049250313e-16,2.220446049250313e-16,1.1102230246251565e-16,0.0
196,0.35,1.7,2.1,42,78,0.8499999999999999,-0.85,1.0500000000000003,-1.0499999999999998,1.0024135679696076,0.8911078567320515,1.2254703941086191,1.0682998447683518,1.1102230246251565e-16,0.0,2.220446049250313e-16,2.220446049250313e-16
197,0.35,1.7,2.3,42,78,0.8499999999999999,-0.85,1.15,-1.15,0.9691320651580133,0.8549582309071158,0.9742505197083653,0.9117359867921082,1.1102230246251565e-16,0.0,0.0,0.0
198,0.35,1.7,2.5,42,78,0.8499999999999999,-0.85,1.2499999999999998,-1.25,0.8358249764319922,0.9815081125573685,0.8867755127793299,0.7936678453160011,1.1102230246251565e-16,0.0,2.220446049250313e-16,0.0
199,0.35,1.9,0.5,42,78,0.9499999999999998,-0.95,0.25,-0.24999999999999992,0.9941133660348689,1.024814111599172,0.8422763469823287,1.0288658191518516,1.1102230246251565e-16,0.0,0.0,8.326672684688674e-17
200,0.35,1.9,0.7,42,78,0.9499999999999998,-0.95,0.35000000000000003,-0.35000000000000003,1.1257786397100589,0.9423661029367568,0.927200349791956,0.9212626506139723,1.1102230246251565e-16,0.0,5.551115123125783e-17,5.551115123125783e-17
201,0.35,1.9,0.9,42,78,0.95,-0.9500000000000001,0.45000000000000007,-0.4500000000000001,0.7941868410760097,1.134206860083887,1.0447544764854877,0.9952866294939904,0.0,1.1102230246251565e-16,5.551115123125783e-17,1.1102230246251565e-16
202,0.35,1.9,1.1,42,78,0.95,-0.95,0.5500000000000002,-0.55,1.1300987295025444,0.9318372771336517,1.0288237958970043,0.9424360958475158,0.0,0.0,1.1102230246251565e-16,0.0
203,0.35,1.9,1.3,42,78,0.9499999999999998,-0.9499999999999995,0.65,-0.6499999999999996,1.2111447531892432,1.168731057833514,1.1138911399323552,0.9192658479362396,1.1102230246251565e-16,4.440892098500626e-16,0.0,4.440892098500626e-16
204,0.35,1.9,1.5,42,78,0.9499999999999998,-0.9500000000000001,0.7500000000000001,-0.7499999999999999,1.1391308385767795,1.1396091070849323,1.0177710772926016,0.8889254445260923,1.1102230246251565e-16,1.1102230246251565e-16,1.1102230246251565e-16,1.1102230246251565e-16
205,0.35,1.9,1.7,42,78,0.9499999999999996,-0.95,0.8499999999999998,-0.85,0.8471457266512334,1.0573860677560385,1.0465235495615863,0.8699488005016757,3.3306690738754696e-16,0.0,2.220446049250313e-16,0.0
206,0.35,1.9,1.9,42,78,0.9500000000000002,-0.9500000000000001,0.9500000000000002,-0.95,0.9056131235743423,1.0994026782330744,0.9027024334037717,0.9828105220754217,2.220446049250313e-16,1.1102230246251565e-16,2.220446049250313e-16,0.0
207,0.35,1.9,2.1,42,78,0.9500000000000002,-0.9499999999999997,1.05,-1.0499999999999998,0.9005413593225011,0.9482798234152366,1.0963567610490552,0.9319225376622607,2.220446049250313e-16,2.220446049250313e-16,0.0,2.220446049250313e-16
208,0.35,1.9,2.3,42,78,0.9499999999999998,-0.95,1.15,-1.15,0.898431768101422,1.0954049008904594,1.161855333907941,1.0288540226082699,1.1102230246251565e-16,0.0,0.0,0.0
209,0.35,1.9,2.5,42,78,0.9499999999999998,-0.95,1.2500000000000002,-1.2500000000000004,0.963963609571826,0.8992439067331637,0.9401132258941994,0.9379786195831595,1.1102230246251565e-16,0.0,2.220446049250313e-16,4.440892098500626e-16
210,0.35,2.1,0.5,42,78,1.0500000000000003,-1.0499999999999996,0.25,-0.24999999999999992,0.9426515735535036,0.9621733082367776,1.0615273785174388,1.0446945815871511,2.220446049250313e-16,4.440892098500626e-16,0.0,8.326672684688674e-17
211,0.35,2.1,0.7,42,78,1.05,-1.0500000000000005,0.3499999999999999,-0.3499999999999999,0.9698254281010488,1.0792305536761122,1.1060876033174458,0.992021438015268,0.0,4.440892098500626e-16,5.551115123125783e-17,5.551115123125783e-17
212,0.35,2.1,0.9,42,78,1.05,-1.0499999999999998,0.45000000000000007,-0.44999999999999984,0.9177449319709768,0.8323728666927502,1.011765641607895,0.996674364413205,0.0,2.220446049250313e-16,5.551115123125783e-17,1.6653345369377348e-16
213,0.35,2.1,1.1,42,78,1.0499999999999998,-1.0499999999999998,0.5499999999999998,-0.55,0.8794521926672053,0.9333290897906553,1.0964351430401573,0.9658175474341104,2.220446049250313e-16,2.220446049250313e-16,2.220446049250313e-16,0.0
214,0.35,2.1,1.3,42,78,1.05,-1.05,0.6500000000000001,-0.65,0.9308190199635683,1.0465741125359231,1.0135577218584841,0.8971923746372562,0.0,0.0,1.1102230246251565e-16,0.0
215,0.35,2.1,1.5,42,78,1.05,-1.0499999999999998,0.7500000000000002,-0.75,0.983860655808135,0.9857462601345972,1.0548688457091548,0.984882530143258,0.0,2.220446049250313e-16,2.220446049250313e-16,0.0
216,0.35,2.1,1.7,42,78,1.05,-1.05,0.8500000000000002,-0.8500000000000002,0.9779586634857773,0.9799010341220153,1.0613103907190924,0.7999093445567181,0.0,0.0,2.220446049250313e-16,2.220446049250313e-16
217,0.35,2.1,1.9,42,78,1.0499999999999998,-1.05,0.95,-0.9499999999999997,1.023074576682059,1.056483248271273,0.9814858716432407,1.065276921186957,2.220446049250313e-16,0.0,0.0,2.220446049250313e-16
218,0.35,2.1,2.1,42,78,1.0499999999999998,-1.0499999999999998,1.0500000000000003,-1.0499999999999996,0.8113009430700776,0.9150641929654473,0.9804690208905008,0.9766736322061813,2.220446049250313e-16,2.220446049250313e-16,2.220446049250313e-16,4.440892098500626e-16
219,0.35,2.1,2.3,42,78,1.05,-1.0500000000000007,1.1499999999999997,-1.15,0.817108982824741,0.8572696538247914,0.8051758187974853,1.0323891483803707,0.0,6.661338147750939e-16,2.220446049250313e-16,0.0
220,0.35,2.1,2.5,42,78,1.0500000000000003,-1.05,1.2500000000000002,-1.2499999999999998,0.9589631942020408,0.987281622173064,1.067469845574924,0.9754989782361587,2.220446049250313e-16,0.0,2.220446049250313e-16,2.220446049250313e-16
221,0.35,2.3,0.5,42,78,1.1499999999999997,-1.1500000000000001,0.25,-0.24999999999999994,1.0086631590238655,0.8762345417557194,1.0742347928010068,0.9371487214806519,2.220446049250313e-16,2.220446049250313e-16,0.0,5.551115123125783e-17
222,0.35,2.3,0.7,42,78,1.1499999999999997,-1.15,0.35,-0.35000000000000003,1.0712744900194755,0.9437629465998195,1.086398861787765,1.037616359502666,2.220446049250313e-16,0.0,0.0,5.551115123125783e-17
223,0.35,2.3,0.9,42,78,1.1500000000000001,-1.1499999999999997,0.44999999999999996,-0.4499999999999999,0.8604027982888698,0.9860166932222367,1.2237112261284189,0.8798729167459484,2.220446049250313e-16,2.220446049250313e-16,5.551115123125783e-17,1.1102230246251565e-16
224,0.35,2.3,1.1,42,78,1.15,-1.15,0.5499999999999999,-0.5500000000000002,0.9523991456348779,0.8804960344351983,0.8234957021728453,1.0337393600456821,0.0,0.0,1.1102230246251565e-16,1.1102230246251565e-16
225,0.35,2.3,1.3,42,78,1.15,-1.1500000000000001,0.65,-0.6499999999999999,0.9373070895632808,0.9946896509490337,0.9842564170945836,1.0190742999508193,0.0,2.220446049250313e-16,0.0,1.1102230246251565e-16
226,0.35,2.3,1.5,42,78,1.15,-1.1499999999999997,0.75,-0.75,0.9745464080052691,0.9677098297283617,0.9766160448535699,1.0793163390420673,0.0,2.220446049250313e-16,0.0,0.0
227,0.35,2.3,1.7,42,78,1.1500000000000001,-1.1499999999999995,0.8499999999999999,-0.8499999999999998,0.9452171567173101,0.8361737361823174,0.8030590839162245,0.9048921078713731,2.220446049250313e-16,4.440892098500626e-16,1.1102230246251565e-16,2.220446049250313e-16
228,0.35,2.3,1.9,42,78,1.1499999999999997,-1.15,0.9499999999999996,-0.95,1.0599556784337136,1.0494421173662956,0.9805830468500581,0.9929740395346778,2.220446049250313e-16,0.0,3.3306690738754696e-16,0.0
229,0.35,2.3,2.1,42,78,1.1500000000000001,-1.1499999999999997,1.0499999999999998,-1.05,0.8719520151923608,0.9835740885997442,1.0967783688380486,1.0414544780479904,2.220446049250313e-16,2.220446049250313e-16,2.220446049250313e-16,0.0
230,0.35,2.3,2.3,42,78,1.15,-1.1500000000000001,1.15,-1.15,0.995611435330508,1.003344219857201,1.0826965894161815,1.009577254331778,0.0,2.220446049250313e-16,0.0,0.0
231,0.35,2.3,2.5,42,78,1.15,-1.1500000000000001,1.2499999999999998,-1.2500000000000002,1.0311984492759672,0.9864280744632314,0.8872273179698827,0.9502546386053045,0.0,2.220446049250313e-16,2.220446049250313e-16,2.220446049250313e-16
232,0.35,2.5,0.5,42,78,1.25,-1.25,0.24999999999999994,-0.25,0.7528072424262683,0.985841891712429,0.8944037570084868,0.998784858240625,0.0,0.0,5.551115123125783e-17,0.0
233,0.35,2.5,0.7,42,78,1.25,-1.2499999999999998,0.35000000000000003,-0.34999999999999987,1.082056217825904,1.0248214227318575,0.9693408358406188,1.1478952943041085,0.0,2.220446049250313e-16,5.551115123125783e-17,1.1102230246251565e-16
234,0.35,2.5,0.9,42,78,1.2499999999999998,-1.2500000000000004,0.44999999999999996,-0.4499999999999999,1.0380700527458597,0.8943082465394647,0.8366545436823757,0.9227281001118498,2.220446049250313e-16,4.440892098500626e-16,5.551115123125783e-17,1.1102230246251565e-16
235,0.35,2.5,1.1,42,78,1.2499999999999998,-1.2499999999999998,0.5500000000000002,-0.5500000000000002,1.1003679387117862,0.9640984367083666,0.9501060992995058,1.011168806730921,2.220446049250313e-16,2.220446049250313e-16,1.1102230246251565e-16,1.1102230246251565e-16
236,0.35,2.5,1.3,42,78,1.25,-1.2499999999999996,0.65,-0.6499999999999999,0.9768866007611148,1.0890364000623853,1.0926392994928669,1.0528362323848002,0.0,4.440892098500626e-16,0.0,1.1102230246251565e-16
237,0.35,2.5,1.5,42,78,1.25,-1.2499999999999996,0.7499999999999998,-0.7500000000000001,1.0711599373602756,0.9613998651928942,0.7532116127461018,0.9294615613666314,0.0,4.440892098500626e-16,2.220446049250313e-16,1.1102230246251565e-16
238,0.35,2.5,1.7,42,78,1.25,-1.25,0.8499999999999998,-0.8500000000000002,0.9076965246931414,0.9663143362855064,1.2214682624968387,0.9827828128921832,0.0,0.0,2.220446049250313e-16,2.220446049250313e-16
239,0.35,2.5,1.9,42,78,1.2499999999999996,-1.25,0.9500000000000002,-0.9500000000000001,0.94459006527282,0.9917981435298893,1.0453400800138273,0.9735242921994386,4.440892098500626e-16,0.0,2.220446049250313e-16,1.1102230246251565e-16
240,0.35,2.5,2.1,42,78,1.2500000000000002,-1.25,1.0500000000000003,-1.0499999999999996,0.8780107585407787,0.9990933394656394,1.1734053951249537,0.9498435567962856,2.220446049250313e-16,0.0,2.220446049250313e-16,4.440892098500626e-16
241,0.35,2.5,2.3,42,78,1.2500000000000002,-1.2500000000000004,1.1499999999999997,-1.1500000000000001,1.0748600925771457,1.0463437980137527,1.2060184749160368,0.9022420344370405,2.220446049250313e-16,4.440892098500626e-16,2.220446049250313e-16,2.220446049250313e-16
242,0.35,2.5,2.5,42,78,1.2499999999999998,-1.2500000000000004,1.2500000000000002,-1.25,1.0247475191694435,0.9621117915363141,1.0571627915518407,1.1646639618844028,2.220446049250313e-16,4.440892098500626e-16,2.220446049250313e-16,0.0
243,0.5,0.5,0.5,60,60,0.25,-0.24999999999999992,0.25000000000000006,-0.25,1.0487657556945131,0.9265514432074978,0.9603995661829372,1.0215378949716558,0.0,8.326672684688674e-17,5.551115123125783e-17,0.0
244,0.5,0.5,0.7,60,60,0.24999999999999997,-0.24999999999999994,0.35,-0.3499999999999999,1.073758718340711,0.9227255027135062,1.0091579857583566,0.9607338658355795,2.7755575615628914e-17,5.551115123125783e-17,0.0,5.551115123125783e-17
245,0.5,0.5,0.9,60,60,0.25,-0.25000000000000006,0.4499999999999999,-0.4500000000000001,1.1020478049194768,0.954820935224921,0.9468939694659894,0.9793945730532014,0.0,5.551115123125783e-17,1.1102230246251565e-16,1.1102230246251565e-16
246,0.5,0.5,1.1,60,60,0.24999999999999992,-0.25000000000000006,0.5499999999999999,-0.5500000000000003,0.8384356770798513,0.8907959628549894,0.9844770784994469,1.0843505067281816,8.326672684688674e-17,5.551115123125783e-17,1.1102230246251565e-16,2.220446049250313e-16
247,0.5,0.5,1.3,60,60,0.25000000000000006,-0.24999999999999997,0.6500000000000002,-0.65,1.047356613653433,0.9593454578673329,0.9998263891091428,0.8844472332424991,5.551115123125783e-17,2.7755575615628914e-17,2.220446049250313e-16,0.0
248,0.5,0.5,1.5,60,60,0.24999999999999994,-0.25,0.75,-0.75,0.9114194987277928,1.059618238591647,1.0697924886126657,0.985679562779944,5.551115123125783e-17,0.0,0.0,0.0
249,0.5,0.5,1.7,60,60,0.25,-0.2500000000000001,0.85,-0.8499999999999999,1.0026409551434943,1.051453582615643,1.1898488715272104,1.0117278917928187,0.0,1.1102230246251565e-16,0.0,1.1102230246251565e-16
250,0.5,0.5,1.9,60,60,0.25000000000000006,-0.24999999999999997,0.9500000000000004,-0.9499999999999998,1.0654929354209834,0.9676527801227498,0.9743096739216676,1.0104660686034064,5.551115123125783e-17,2.7755575615628914e-17,4.440892098500626e-16,1.1102230246251565e-16
251,0.5,0.5,2.1,60,60,0.25,-0.25,1.0499999999999998,-1.05,1.0276930351517135,1.0764758131698329,0.9275832856681069,1.0370916010990499,0.0,0.0,2.220446049250313e-16,0.0
252,0.5,0.5,2.3,60,60,0.24999999999999994,-0.24999999999999997,1.15,-1.15,1.0528275102184694,0.9990563833515758,0.9874397957528708,1.080792632368997,5.551115123125783e-17,2.7755575615628914e-17,0.0,0.0
253,0.5,0.5,2.5,60,60,0.24999999999999992,-0.25000000000000006,1.2499999999999998,-1.2500000000000004,0.9179348949838,1.0593916412906867,1.076653836052665,1.0237490646042984,8.326672684688674e-17,5.551115123125783e-17,2.220446049250313e-16,4.440892098500626e-16
254,0.5,0.7,0.5,60,60,0.35000000000000003,-0.35000000000000003,0.24999999999999992,-0.24999999999999992,0.9457207227327211,0.851699459878346,0.9911614344622851,0.8998742991613534,5.551115123125783e-17,5.551115123125783e-17,8.326672684688674e-17,8.326672684688674e-17
255,0.5,0.7,0.7,60,60,0.3499999999999999,-0.35000000000000003,0.35,-0.34999999999999987,1.1525586093538216,0.9080941224875336,1.0572202328233187,0.9147870043050061,5.551115123125783e-17,5.551115123125783e-17,0.0,1.1102230246251565e-16
256,0.5,0.7,0.9,60,60,0.35,-0.3499999999999999,0.45000000000000007,-0.45000000000000007,1.102584914517376,0.9205416445053495,0.9145278057056774,0.908130696316184,0.0,5.551115123125783e-17,5.551115123125783e-17,5.551115123125783e-17
257,0.5,0.7,1.1,60,60,0.3499999999999999,-0.34999999999999987,0.55,-0.55,0.95658367876909,0.9957313561951917,1.0567641748382597,0.8865069555097596,5.551115123125783e-17,1.1102230246251565e-16,0.0,0.0
258,0.5,0.7,1.3,60,60,0.3499999999999999,-0.35000000000000003,0.6499999999999999,-0.65,1.0575712591845972,1.0051948637866297,1.0569470369286051,1.0086871926310301,5.551115123125783e-17,5.551115123125783e-17,1.1102230246251565e-16,0.0
259,0.5,0.7,1.5,60,60,0.34999999999999987,-0.35,0.7500000000000001,-0.7500000000000001,1.1041167401072645,0.9919721085832991,1.0885780849931104,0.8952659619614205,1.1102230246251565e-16,0.0,1.1102230246251565e-16,1.1102230246251565e-16
260,0.5,0.7,1.7,60,60,0.3499999999999999,-0.35,0.8499999999999999,-0.8499999999999999,0.9796250648454123,0.9621748346633063,1.0563140476261186,1.0535373307804397,5.551115123125783e-17,0.0,1.1102230246251565e-16,1.1102230246251565e-16
261,0.5,0.7,1.9,60,60,0.35000000000000014,-0.3499999999999999,0.95,-0.9499999999999998,1.0763130523850268,0.9088110835863245,0.9969971909806344,0.8230854757516638,1.6653345369377348e-16,5.551115123125783e-17,0.0,1.1102230246251565e-16
262,0.5,0.7,2.1,60,60,0.3499999999999999,-0.35000000000000003,1.05,-1.0499999999999998,0.8193369695429202,0.8744682856331385,0.936698455008343,1.0714703590591326,5.551115123125783e-17,5.551115123125783e-17,0.0,2.220446049250313e-16
263,0.5,0.7,2.3,60,60,0.35000000000000003,-0.35000000000000003,1.15,-1.1499999999999997,0.9409099962786539,1.0583406684082188,1.001007357182785,0.9755533993216075,5.551115123125783e-17,5.551115123125783e-17,0.0,2.220446049250313e-16
264,0.5,0.7,2.5,60,60,0.3499999999999999,-0.3499999999999998,1.2499999999999998,-1.2500000000000002,1.0802466086124858,1.13692657072126,0.9977215782383971,1.1383371849606716,5.551115123125783e-17,1.6653345369377348e-16,2.220446049250313e-16,2.220446049250313e-16
265,0.5,0.9,0.5,60,60,0.45,-0.44999999999999996,0.25000000000000006,-0.25,1.045136325533236,1.2216060972667404,1.0489489428241072,0.8356363738067799,0.0,5.551115123125783e-17,5.551115123125783e-17,0.0
266,0.5,0.9,0.7,60,60,0.45,-0.45,0.3499999999999998,-0.3499999999999999,0.9710027238154049,0.9825772637601359,0.9180592568987623,0.9949626239967451,0.0,0.0,1.6653345369377348e-16,5.551115123125783e-17
267,0.5,0.9,0.9,60,60,0.44999999999999996,-0.45000000000000007,0.45000000000000007,-0.4500000000000001,0.9992499923045605,0.8836840463197998,1.1217531885928904,0.8787890542390455,5.551115123125783e-17,5.551115123125783e-17,5.551115123125783e-17,1.1102230246251565e-16
268,0.5,0.9,1.1,60,60,0.44999999999999996,-0.44999999999999996,0.5500000000000002,-0.55,0.9602049777255154,0.9119236882242396,0.9929231823651296,1.0606500095787577,5.551115123125783e-17,5.551115123125783e-17,1.1102230246251565e-16,0.0
269,0.5,0.9,1.3,60,60,0.45,-0.45000000000000007,0.65,-0.6499999999999999,0.9195944375877974,1.1479644434011433,1.012397505132056,1.0603270658664183,0.0,5.551115123125783e-17,0.0,1.1102230246251565e-16
270,0.5,0.9,1.5,60,60,0.45,-0.45,0.7499999999999999,-0.7499999999999999,0.8488414392680441,1.2339501777875421,1.0886783653602718,0.961216462429441,0.0,0.0,1.1102230246251565e-16,1.1102230246251565e-16
271,0.5,0.9,1.7,60,60,0.4499999999999999,-0.45000000000000007,0.8500000000000001,-0.8499999999999998,1.06720476611755,1.134211399093798,0.8757856012334909,1.0297570280915913,1.1102230246251565e-16,5.551115123125783e-17,1.1102230246251565e-16,2.220446049250313e-16
272,0.5,0.9,1.9,60,60,0.4500000000000001,-0.45,0.95,-0.95,1.1317297244426832,1.012205224981752,0.9761657309428661,0.9511612600201722,1.1102230246251565e-16,0.0,0.0,0.0
273,0.5,0.9,2.1,60,60,0.4500000000000002,-0.45,1.05,-1.05,0.9364298629569997,1.0412833073299101,0.9845767607291127,1.0310367205566322,1.6653345369377348e-16,0.0,0.0,0.0
274,0.5,0.9,2.3,60,60,0.4500000000000001,-0.44999999999999996,1.1499999999999992,-1.15,0.9102706394936729,0.9859660784404418,1.0384572690057625,0.9071054752881622,1.1102230246251565e-16,5.551115123125783e-17,6.661338147750939e-16,0.0
275,0.5,0.9,2.5,60,60,0.45,-0.4499999999999999,1.25,-1.25,0.9307872613027118,1.013324801452483,0.9501806749601014,0.8445088400833487,0.0,1.1102230246251565e-16,0.0,0.0
276,0.5,1.1,0.5,60,60,0.55,-0.55,0.25,-0.24999999999999997,0.9584551849677445,0.944744917075474,1.0319349773446058,0.9081923300258847,0.0,0.0,0.0,2.7755575615628914e-17
277,0.5,1.1,0.7,60,60,0.55,-0.55,0.3499999999999999,-0.35,1.0141177542880553,1.1426355472084597,1.0913311199604034,0.871472344479043,0.0,0.0,5.551115123125783e-17,0.0
278,0.5,1.1,0.9,60,60,0.5500000000000002,-0.55,0.45,-0.44999999999999996,1.097749878337745,1.065716686138604,1.0641871889349586,1.0834448307122182,1.1102230246251565e-16,0.0,0.0,5.551115123125783e-17
279,0.5,1.1,1.1,60,60,0.5500000000000002,-0.5500000000000002,0.55,-0.5500000000000003,0.9303253710486846,1.039712552472288,0.9089484436735272,1.0627189297852888,1.1102230246251565e-16,1.1102230246251565e-16,0.0,2.220446049250313e-16
280,0.5,1.1,1.3,60,60,0.55,-0.55,0.6500000000000002,-0.6500000000000001,1.009588680362892,0.9772089959346721,1.036782288883973,0.9667513301445364,0.0,0.0,2.220446049250313e-16,1.1102230246251565e-16
281,0.5,1.1,1.5,60,60,0.55,-0.55,0.7500000000000001,-0.75,1.050726445082004,0.9890445497673547,0.9491168387205507,0.9461052885929644,0.0,0.0,1.1102230246251565e-16,0.0
282,0.5,1.1,1.7,60,60,0.55,-0.5500000000000003,0.8499999999999999,-0.8500000000000001,0.9293580525754106,1.0755363907626525,0.9259209203136503,0.9181844931969667,0.0,2.220446049250313e-16,1.1102230246251565e-16,1.1102230246251565e-16
283,0.5,1.1,1.9,60,60,0.5500000000000002,-0.55,0.9499999999999996,-0.9499999999999998,0.9472669736653468,1.3165298390793772,1.0645830614387222,0.9443184517146618,1.1102230246251565e-16,0.0,3.3306690738754696e-16,1.1102230246251565e-16
284,0.5,1.1,2.1,60,60,0.55,-0.5500000000000002,1.0499999999999998,-1.05,0.8839183076757581,0.9485087845534785,1.0899452240510106,0.9379798004137171,0.0,1.1102230246251565e-16,2.220446049250313e-16,0.0
285,0.5,1.1,2.3,60,60,0.5499999999999999,-0.5500000000000002,1.1500000000000001,-1.15,1.075017267387883,1.0595622757968541,1.01096854521075,1.0257208393762975,1.1102230246251565e-16,1.1102230246251565e-16,2.220446049250313e-16,0.0
286,0.5,1.1,2.5,60,60,0.55,-0.55,1.2500000000000002,-1.25,1.0984853907439478,0.9179974758935008,0.8646870555255608,0.9753337224384352,0.0,0.0,2.220446049250313e-16,0.0
287,0.5,1.3,0.5,60,60,0.65,-0.65,0.25,-0.25,0.9700184712714167,0.7441497296121198,1.0087284592749193,0.8650992832147619,0.0,0.0,0.0,0.0
288,0.5,1.3,0.7,60,60,0.65,-0.6499999999999998,0.3499999999999999,-0.35,0.9328068714740463,0.9706112299918643,1.0586592336397254,0.9594033565748711,0.0,2.220446049250313e-16,5.551115123125783e-17,0.0
289,0.5,1.3,0.9,60,60,0.6500000000000001,-0.6499999999999999,0.45000000000000007,-0.4500000000000001,0.9197262817616079,0.8615715797873054,1.1653428911929533,1.0025687856369851,1.1102230246251565e-16,1.1102230246251565e-16,5.551115123125783e-17,1.1102230246251565e-16
290,0.5,1.3,1.1,60,60,0.6500000000000002,-0.6499999999999998,0.5500000000000002,-0.5500000000000002,0.8344366836227697,0.9615296281884317,0.9482551685495991,0.9450109020882643,2.220446049250313e-16,2.220446049250313e-16,1.1102230246251565e-16,1.1102230246251565e-16
291,0.5,1.3,1.3,60,60,0.6499999999999998,-0.6500000000000002,0.6499999999999999,-0.6500000000000001,0.9360951306897471,1.1759088961573163,0.9401627459684888,1.0553810749365902,2.220446049250313e-16,2.220446049250313e-16,1.1102230246251565e-16,1.1102230246251565e-16
292,0.5,1.3,1.5,60,60,0.65,-0.65,0.7499999999999998,-0.7499999999999999,1.0223493758238604,1.040398903469172,0.874533374581163,1.0147343811044942,0.0,0.0,2.220446049250313e-16,1.1102230246251565e-16
293,0.5,1.3,1.7,60,60,0.65,-0.65,0.8499999999999999,-0.8499999999999999,0.8896665081349419,0.9624088034656944,0.9994206569047888,0.8881549079135377,0.0,0.0,1.1102230246251565e-16,1.1102230246251565e-16
294,0.5,1.3,1.9,60,60,0.6500000000000001,-0.65,0.9499999999999996,-0.9499999999999997,0.9433609108036003,0.8774211423850795,0.977182791162504,1.0088038864956537,1.1102230246251565e-16,0.0,3.3306690738754696e-16,2.220446049250313e-16
295,0.5,1.3,2.1,60,60,0.6499999999999999,-0.6499999999999999,1.05,-1.0500000000000003,0.954638570349353,1.024202818929918,0.9065906497221257,0.9903219681972596,1.1102230246251565e-16,1.1102230246251565e-16,0.0,2.220446049250313e-16
296,0.5,1.3,2.3,60,60,0.65,-0.6500000000000001,1.1499999999999995,-1.1499999999999997,0.9053911742182144,1.0359267751277323,1.004559228150957,0.9971204749949515,0.0,1.1102230246251565e-16,4.440892098500626e-16,2.220446049250313e-16
297,0.5,1.3,2.5,60,60,0.6500000000000001,-0.6499999999999998,1.2500000000000004,-1.25,0.9946398660649146,1.0983897745581348,0.8937940806634531,1.0785492386932092,1.1102230246251565e-16,2.220446049250313e-16,4.440892098500626e-16,0.0
298,0.5,1.5,0.5,60,60,0.75,-0.75,0.25000000000000006,-0.24999999999999997,1.0279611876281272,0.8918054848991364,0.7819375923257909,0.9257211727302298,0.0,0.0,5.551115123125783e-17,2.7755575615628914e-17
299,0.5,1.5,0.7,60,60,0.75,-0.7499999999999999,0.35,-0.35,0.9994800604843879,1.0057562578127883,1.1442381655574607,0.7799593363641136,0.0,1.1102230246251565e-16,0.0,0.0
300,0.5,1.5,0.9,60,60,0.7500000000000001,-0.7500000000000001,0.45,-0.4500000000000002,0.9142544043746516,1.033506815420504,0.9236195571327164,0.9039416719532388,1.1102230246251565e-16,1.1102230246251565e-16,0.0,1.6653345369377348e-16
301,0.5,1.5,1.1,60,60,0.7499999999999999,-0.7500000000000001,0.55,-0.5500000000000002,0.8519504102105389,1.0850869354225696,0.9500487202627858,1.1540470558228173,1.1102230246251565e-16,1.1102230246251565e-16,0.0,1.1102230246251565e-16
302,0.5,1.5,1.3,60,60,0.7500000000000001,-0.7499999999999999,0.65,-0.6499999999999999,1.0524811303310235,1.0074620165825319,1.0774925804652997,1.058805405430822,1.1102230246251565e-16,1.1102230246251565e-16,0.0,1.1102230246251565e-16
303,0.5,1.5,1.5,60,60,0.7500000000000001,-0.75,0.7499999999999998,-0.75,1.0317356128115915,0.9374030832852971,1.0180073879054643,0.994435027953534,1.1102230246251565e-16,0.0,2.220446049250313e-16,0.0
304,0.5,1.5,1.7,60,60,0.75,-0.75,0.85,-0.8500000000000001,1.1277436088496806,0.9375606270203088,1.111639749181007,0.7535714540475082,0.0,0.0,0.0,1.1102230246251565e-16
305,0.5,1.5,1.9,60,60,0.7500000000000002,-0.7499999999999999,0.9499999999999998,-0.95,0.9894425932208473,0.9035056569217061,0.9849102577239671,0.8239168956505103,2.220446049250313e-16,1.1102230246251565e-16,1.1102230246251565e-16,0.0
306,0.5,1.5,2.1,60,60,0.7499999999999998,-0.75,1.05,-1.0500000000000003,0.9604421246660126,0.9667572830703137,1.1929260587472477,0.9191075744651367,2.220446049250313e-16,0.0,0.0,2.220446049250313e-16
307,0.5,1.5,2.3,60,60,0.7499999999999999,-0.75,1.1499999999999997,-1.1499999999999995,0.9940627854563631,0.9139679587582605,0.9130778117268463,1.1459908155513092,1.1102230246251565e-16,0.0,2.220446049250313e-16,4.440892098500626e-16
308,0.5,1.5,2.5,60,60,0.75,-0.7499999999999998,1.2500000000000002,-1.2499999999999996,0.9371251248565534,1.0725063388257736,0.8877816434348186,1.0600525303132347,0.0,2.220446049250313e-16,2.220446049250313e-16,4.440892098500626e-16
309,0.5,1.7,0.5,60,60,0.85,-0.8499999999999999,0.25,-0.25,0.9368501838803215,0.9278790363959434,1.0482917023726588,0.8317118542418986,0.0,1.1102230246251565e-16,0.0,0.0
310,0.5,1.7,0.7,60,60,0.85,-0.85,0.3499999999999999,-0.3499999999999999,0.8655359652710839,0.9176439572424732,0.9466164984696436,0.9563725265049505,0.0,0.0,5.551115123125783e-17,5.551115123125783e-17
311,0.5,1.7,0.9,60,60,0.8499999999999998,-0.8500000000000001,0.44999999999999996,-0.45,0.9608115619957723,0.8223992267097168,0.9838907527098447,0.8963546444302172,2.220446049250313e-16,1.1102230246251565e-16,5.551115123125783e-17,0.0
312,0.5,1.7,1.1,60,60,0.8500000000000001,-0.85,0.55,-0.55,1.033573234281346,0.809808409408698,0.969444987861518,0.9184037103425896,1.1102230246251565e-16,0.0,0.0,0.0
313,0.5,1.7,1.3,60,60,0.8499999999999999,-0.85,0.6500000000000001,-0.6499999999999998,1.0407996178828192,1.0068850041721502,0.8843750841641318,0.7474735562784123,1.1102230246251565e-16,0.0,1.1102230246251565e-16,2.220446049250313e-16
314,0.5,1.7,1.5,60,60,0.8500000000000001,-0.8500000000000002,0.75,-0.7500000000000002,1.1170479255902823,0.9479165437710367,1.0897193595417602,1.0556302340735095,1.1102230246251565e-16,2.220446049250313e-16,0.0,2.220446049250313e-16
315,0.5,1.7,1.7,60,60,0.85,-0.8500000000000002,0.85,-0.8500000000000001,0.8685961167161015,0.8472122245940217,0.9639058279540925,0.8991872914549458,0.0,2.220446049250313e-16,0.0,1.1102230246251565e-16
316,0.5,1.7,1.9,60,60,0.8500000000000001,-0.85,0.9500000000000001,-0.95,0.7386276283487658,1.04431710404464,0.9545273039033491,1.0285575952729193,1.1102230246251565e-16,0.0,1.1102230246251565e-16,0.0
317,0.5,1.7,2.1,60,60,0.8500000000000001,-0.8499999999999998,1.0499999999999998,-1.0499999999999998,1.0261054365799793,1.163956432652329,0.9473910601093017,0.9028912742907051,1.1102230246251565e-16,2.220446049250313e-16,2.220446049250313e-16,2.220446049250313e-16
318,0.5,1.7,2.3,60,60,0.85,-0.8500000000000002,1.1499999999999995,-1.15,1.0001676323580522,0.8917191322427914,0.8526632846457735,0.9507413751256003,0.0,2.220446049250313e-16,4.440892098500626e-16,0.0
319,0.5,1.7,2.5,60,60,0.8499999999999999,-0.8500000000000001,1.25,-1.2499999999999996,0.90354113036711,1.0209082109977576,1.0426247969083808,0.8495402419522318,1.1102230246251565e-16,1.1102230246251565e-16,0.0,4.440892098500626e-16
320,0.5,1.9,0.5,60,60,0.9499999999999998,-0.95,0.24999999999999997,-0.25,0.8680712947175474,1.1467836281982537,0.8553726232840627,0.9920963236064676,1.1102230246251565e-16,0.0,2.7755575615628914e-17,0.0
321,0.5,1.9,0.7,60,60,0.9500000000000001,-0.9499999999999997,0.35000000000000014,-0.34999999999999987,1.072204243815904,0.9798822330446777,0.9025557920664707,1.0684773975069417,1.1102230246251565e-16,2.220446049250313e-16,1.6653345369377348e-16,1.1102230246251565e-16
322,0.5,1.9,0.9,60,60,0.9499999999999998,-0.9499999999999997,0.45000000000000007,-0.45,1.074920976420916,0.9801578685689973,0.9135403944910332,0.9761106846175074,1.1102230246251565e-16,2.220446049250313e-16,5.551115123125783e-17,0.0
323,0.5,1.9,1.1,60,60,0.9499999999999997,-0.95,0.55,-0.5500000000000003,1.000903508696258,0.8980572099644413,0.9745966608591964,0.9910094073060305,2.220446049250313e-16,0.0,0.0,2.220446049250313e-16
324,0.5,1.9,1.3,60,60,0.9500000000000001,-0.9500000000000003,0.65,-0.6500000000000002,1.000478919218125,0.9778130675355223,1.092639049102182,0.963623757337983,1.1102230246251565e-16,3.3306690738754696e-16,0.0,2.220446049250313e-16
325,0.5,1.9,1.5,60,60,0.9499999999999997,-0.9499999999999998,0.7500000000000001,-0.7499999999999999,0.9643050076364141,0.9642390637095639,1.038603517430813,1.0037038480037548,2.220446049250313e-16,1.1102230246251565e-16,1.1102230246251565e-16,1.1102230246251565e-16
326,0.5,1.9,1.7,60,60,0.95,-0.9499999999999998,0.85,-0.8500000000000001,1.0558821967143006,1.1154052158500065,0.9326617619271116,1.2122132709419282,0.0,1.1102230246251565e-16,0.0,1.1102230246251565e-16
327,0.5,1.9,1.9,60,60,0.9500000000000001,-0.9499999999999998,0.95,-0.95,0.9975943097290196,1.0827258557841826,0.9773652826802551,0.910722406644162,1.1102230246251565e-16,1.1102230246251565e-16,0.0,0.0
328,0.5,1.9,2.1,60,60,0.95,-0.95,1.05,-1.05,1.0938088356988556,0.9341808254561251,1.0181305126904348,1.1046440349533528,0.0,0.0,0.0,0.0
329,0.5,1.9,2.3,60,60,0.95,-0.9500000000000003,1.1499999999999997,-1.15,1.1248227416914351,1.0799588446816548,1.009017837969806,1.1028397553357865,0.0,3.3306690738754696e-16,2.220446049250313e-16,0.0
330,0.5,1.9,2.5,60,60,0.9500000000000003,-0.9499999999999998,1.25,-1.2499999999999998,0.9581745816353292,1.0004870102541177,1.132509680133404,0.9515310915278493,3.3306690738754696e-16,1.1102230246251565e-16,0.0,2.220446049250313e-16
331,0.5,2.1,0.5,60,60,1.0499999999999996,-1.0500000000000005,0.25,-0.2500000000000001,0.9018858474767879,0.9426876793596071,0.986705504237784,0.8726106224320481,4.440892098500626e-16,4.440892098500626e-16,0.0,1.1102230246251565e-16
332,0.5,2.1,0.7,60,60,1.05,-1.0499999999999998,0.35,-0.3499999999999999,0.9951683689933325,1.0745704397267135,1.054668332436799,0.8058572830269242,0.0,2.220446049250313e-16,0.0,5.551115123125783e-17
333,0.5,2.1,0.9,60,60,1.0499999999999998,-1.0500000000000003,0.45,-0.45000000000000007,0.8704424092787365,0.9578082724208555,1.0013365337962825,1.0855591509847198,2.220446049250313e-16,2.220446049250313e-16,0.0,5.551115123125783e-17
334,0.5,2.1,1.1,60,60,1.0499999999999998,-1.0499999999999998,0.5500000000000002,-0.5500000000000002,0.8792964513934611,0.9534206515421934,0.818572465414546,1.166615208424973,2.220446049250313e-16,2.220446049250313e-16,1.1102230246251565e-16,1.1102230246251565e-16
335,0.5,2.1,1.3,60,60,1.05,-1.0499999999999996,0.6500000000000001,-0.6500000000000001,1.1338137644220734,0.938679121542011,0.9868659047760693,0.9159323454107259,0.0,4.440892098500626e-16,1.1102230246251565e-16,1.1102230246251565e-16
336,0.5,2.1,1.5,60,60,1.05,-1.05,0.75,-0.7500000000000001,0.8695621216663529,1.0374901325007355,0.957094319057066,1.1474170953810592,0.0,0.0,0.0,1.1102230246251565e-16
337,0.5,2.1,1.7,60,60,1.0499999999999998,-1.0499999999999998,0.8500000000000003,-0.85,0.9411816832911943,1.002557765686303,0.9461604682517821,0.9159972530192634,2.220446049250313e-16,2.220446049250313e-16,3.3306690738754696e-16,0.0
338,0.5,2.1,1.9,60,60,1.05,-1.05,0.9500000000000001,-0.9499999999999998,0.9897707662833924,0.9610028566301064,0.9786182632380483,0.9802050518850133,0.0,0.0,1.1102230246251565e-16,1.1102230246251565e-16
339,0.5,2.1,2.1,60,60,1.05,-1.05,1.0500000000000003,-1.05,0.888123755696148,0.8015450034589766,1.0735312303855125,0.8804222471014358,0.0,0.0,2.220446049250313e-16,0.0
340,0.5,2.1,2.3,60,60,1.0500000000000003,-1.0499999999999996,1.15,-1.15,1.1367551756467886,1.0065064933091028,0.896772260738475,0.8934375744852718,2.220446049250313e-16,4.440892098500626e-16,0.0,0.0
341,0.5,2.1,2.5,60,60,1.0500000000000003,-1.05,1.25,-1.25,0.982063198536211,1.0253041472903013,0.9736887528957257,0.7130578613375018,2.220446049250313e-16,0.0,0.0,0.0
342,0.5,2.3,0.5,60,60,1.1499999999999997,-1.15,0.25000000000000006,-0.24999999999999997,0.9454790096986248,0.9407930023410096,1.1758230072147438,0.9730480392010191,2.220446049250313e-16,0.0,5.551115123125783e-17,2.7755575615628914e-17
343,0.5,2.3,0.7,60,60,1.15,-1.1500000000000001,0.35,-0.3500000000000002,0.8540791344831377,1.0561906724335846,0.9733255815382418,1.0521973124712647,0.0,2.220446049250313e-16,0.0,2.220446049250313e-16
344,0.5,2.3,0.9,60,60,1.1500000000000001,-1.1499999999999992,0.4500000000000002,-0.44999999999999996,1.0909472309215953,0.9730406282134448,0.977927804241209,0.9223813699237378,2.220446049250313e-16,6.661338147750939e-16,1.6653345369377348e-16,5.551115123125783e-17
345,0.5,2.3,1.1,60,60,1.1500000000000001,-1.1499999999999997,0.55,-0.55,1.0623385547233355,1.0217867626538162,0.9283609003448673,0.8730247040897486,2.220446049250313e-16,2.220446049250313e-16,0.0,0.0
346,0.5,2.3,1.3,60,60,1.15,-1.15,0.6500000000000001,-0.6500000000000001,0.9718394754344682,1.000226887486601,1.0191709162154976,0.8906206814740045,0.0,0.0,1.1102230246251565e-16,1.1102230246251565e-16
347,0.5,2.3,1.5,60,60,1.1499999999999997,-1.1499999999999997,0.7500000000000001,-0.7499999999999999,1.1174078004917758,0.8672518381322021,1.005581531269709,1.1229977254578656,2.220446049250313e-16,2.220446049250313e-16,1.1102230246251565e-16,1.1102230246251565e-16
348,0.5,2.3,1.7,60,60,1.1499999999999995,-1.1500000000000001,0.8500000000000001,-0.8499999999999999,0.9570247260699057,0.9686933068894036,0.9332463361014625,1.0257462648029538,4.440892098500626e-16,2.220446049250313e-16,1.1102230246251565e-16,1.1102230246251565e-16
349,0.5,2.3,1.9,60,60,1.15,-1.1499999999999997,0.9499999999999998,-0.9500000000000001,1.0688344581875573,1.1055748925500684,1.020421332453143,0.9352157198833264,0.0,2.220446049250313e-16,1.1102230246251565e-16,1.1102230246251565e-16
350,0.5,2.3,2.1,60,60,1.1499999999999997,-1.15,1.0499999999999998,-1.0500000000000003,0.9309528899174515,0.9663932388578331,1.0655668747095985,0.9194490357726941,2.220446049250313e-16,0.0,2.220446049250313e-16,2.220446049250313e-16
351,0.5,2.3,2.3,60,60,1.1499999999999997,-1.1499999999999995,1.1499999999999995,-1.1499999999999995,0.8808122810741866,0.9359575548960788,0.8865302112726428,0.988141907288276,2.220446049250313e-16,4.440892098500626e-16,4.440892098500626e-16,4.440892098500626e-16
352,0.5,2.3,2.5,60,60,1.15,-1.1499999999999995,1.2499999999999998,-1.25,1.085990220127957,1.0115282327609156,0.9397878403139982,1.07666515575534,0.0,4.440892098500626e-16,2.220446049250313e-16,0.0
353,0.5,2.5,0.5,60,60,1.2500000000000002,-1.2500000000000002,0.25000000000000006,-0.25,1.07506923668463,0.9967682103120447,1.0303538708509503,1.0241507348191963,2.220446049250313e-16,2.220446049250313e-16,5.551115123125783e-17,0.0
354,0.5,2.5,0.7,60,60,1.25,-1.25,0.35,-0.3499999999999999,0.9539504436702597,0.9893398600485986,1.0822653385029972,0.9139008179723053,0.0,0.0,0.0,5.551115123125783e-17
355,0.5,2.5,0.9,60,60,1.2500000000000004,-1.2499999999999998,0.45,-0.45,0.9431131504262757,0.8182947782683023,0.9697035924145163,0.9559183713005378,4.440892098500626e-16,2.220446049250313e-16,0.0,0.0
356,0.5,2.5,1.1,60,60,1.25,-1.25,0.55,-0.5500000000000002,0.9172974850146443,1.0114953616777735,0.9695750207175128,0.9050024837554159,0.0,0.0,0.0,1.1102230246251565e-16
357,0.5,2.5,1.3,60,60,1.2499999999999998,-1.2499999999999996,0.65,-0.6500000000000001,1.0923293206233888,0.9274964493590129,1.0439723646154873,1.0204429292170085,2.220446049250313e-16,4.440892098500626e-16,0.0,1.1102230246251565e-16
358,0.5,2.5,1.5,60,60,1.2499999999999996,-1.2499999999999998,0.7500000000000001,-0.7500000000000001,0.9813940133692864,1.0214021988636808,0.8323114420446848,0.8513223372593749,4.440892098500626e-16,2.220446049250313e-16,1.1102230246251565e-16,1.1102230246251565e-16
359,0.5,2.5,1.7,60,60,1.2500000000000002,-1.2499999999999998,0.8500000000000001,-0.85,0.8613044545679617,1.0451478520254516,0.8997668100155154,0.9926199403029845,2.220446049250313e-16,2.220446049250313e-16,1.1102230246251565e-16,0.0
360,0.5,2.5,1.9,60,60,1.25,-1.25,0.95,-0.9500000000000001,0.9600895390662136,1.0539408755827033,0.9247875766727008,1.0287970978387941,0.0,0.0,0.0,1.1102230246251565e-16
361,0.5,2.5,2.1,60,60,1.2499999999999998,-1.25,1.05,-1.05,0.9463942207986977,1.0414393977158485,1.0129381475316144,0.9931028859633022,2.220446049250313e-16,0.0,0.0,0.0
362,0.5,2.5,2.3,60,60,1.25,-1.25,1.1500000000000001,-1.1500000000000001,0.9479737010969282,0.8530284359815775,0.9706299267808303,0.9209570611332516,0.0,0.0,2.220446049250313e-16,2.220446049250313e-16
363,0.5,2.5,2.5,60,60,1.2499999999999998,-1.25,1.25,-1.25,0.9828404214635186,0.8979683346071761,1.0482593117483052,0.7986648052671206,2.220446049250313e-16,0.0,0.0,0.0
