user_id,aid,csv_row_id,ps,human_sensitivity,ds_sensitivity,start_time,complete,end_time,start_date
5,testWorker,144,0.35,0.9,0.5,2025-12-14 09:29:33.889204,1,2025-12-17 18:40:58.993295,2025-12-14
6,693e8608-221c-03df-784d-1d707a35af2e,38,0.2,1.1,1.3,2025-12-14 09:41:25.441406,1,2025-12-14 09:47:39.134817,2025-12-14
7,693e8643-a96e-b256-e56e-fcdddbbbce1a,204,0.35,1.9,1.5,2025-12-14 09:43:59.452842,0,2025-12-14 09:43:59.452842,2025-12-14
8,693e880b-8c89-e015-9484-3e711d3eda55,140,0.35,0.7,1.9,2025-12-14 09:49:35.224246,1,2025-12-14 09:54:41.288362,2025-12-14
9,693e8829-d08b-42ce-6000-15e2f1890dac,14,0.2,0.7,0.9,2025-12-14 09:50:26.353088,1,2025-12-14 09:56:46.828763,2025-12-14
10,693e8849-4a05-a863-093a-dd9af482738b,291,0.5,1.3,1.3,2025-12-14 09:51:22.106494,1,2025-12-14 09:58:53.571767,2025-12-14
11,693e8882-8ebc-7351-cfe6-7b10d85bbf2f,250,0.5,0.5,1.9,2025-12-14 09:52:23.626228,1,2025-12-14 10:00:06.320774,2025-12-14
12,693e8877-f55a-74bd-e0e1-999a7bb3430b,292,0.5,1.3,1.5,2025-12-14 09:52:26.615235,1,2025-12-14 09:58:41.085054,2025-12-14
13,693e88af-79d3-dc8b-33f7-f107ed5b8a35,268,0.5,0.9,1.1,2025-12-14 09:52:54.835360,1,2025-12-14 10:00:21.223002,2025-12-14
14,693e88a3-1894-50cc-9c3c-a87144f74de3,295,0.5,1.3,2.1,2025-12-14 09:53:13.095613,1,2025-12-14 10:07:56.376382,2025-12-14
15,693e8852-20e8-b7b9-705a-bd0a4d7e6c24,289,0.5,1.3,0.9,2025-12-14 09:53:45.603955,1,2025-12-14 10:04:53.030143,2025-12-14
16,693e8853-277c-6a20-4b77-175e01c3a65b,138,0.35,0.7,1.5,2025-12-14 09:54:21.022674,0,2025-12-14T09:55:17.054994,2025-12-14
17,693e890e-6e19-22ae-66e2-5c2f9689537b,66,0.2,1.5,2.5,2025-12-14 09:54:37.442350,0,2025-12-14T09:58:25.014862,2025-12-14
18,693e8985-6250-7976-43cc-cac7b10d3402,197,0.35,1.7,2.3,2025-12-14 09:56:51.074789,1,2025-12-14 10:02:54.159134,2025-12-14
19,693e8827-5987-eff6-5953-e2d183394093,276,0.5,1.1,0.5,2025-12-14 09:58:33.805710,1,2025-12-14 10:15:07.432558,2025-12-14
20,693e89e8-7dd4-9199-8646-16b9af3a255a,338,0.5,2.1,1.9,2025-12-14 09:59:23.483104,0,2025-12-14T10:00:04.389147,2025-12-14
21,693e895d-d64e-7dad-1c8f-548aad17eba6,10,0.2,0.5,2.3,2025-12-14 10:02:47.301504,1,2025-12-14 10:35:16.074314,2025-12-14
22,693e9480-77f3-e119-d393-3de5d380abfd,125,0.35,0.5,1.1,2025-12-14 10:42:55.127546,1,2025-12-14 10:47:43.910387,2025-12-14
23,693e9524-5963-ae70-12fc-730693b0c440,113,0.2,2.5,0.9,2025-12-14 10:45:53.754630,1,2025-12-14 10:51:28.215419,2025-12-14
24,693e95df-d67c-2274-5bd5-f870b923de9c,249,0.5,0.5,1.7,2025-12-14 10:48:53.095167,0,2025-12-14 10:48:53.095167,2025-12-14
25,693e95f1-3677-1054-2b35-20502e222fea,360,0.5,2.5,1.9,2025-12-14 10:49:08.881367,0,2025-12-14 10:49:08.881367,2025-12-14
26,693e95ea-3dbc-cf49-755f-2f484327bcc9,275,0.5,0.9,2.5,2025-12-14 10:49:31.843137,1,2025-12-14 10:57:09.473244,2025-12-14
27,693e9650-f4be-4931-6e20-a1cfc620810b,98,0.2,2.1,2.3,2025-12-14 10:50:53.933027,0,2025-12-14 10:50:53.933027,2025-12-14
28,693e9714-7c41-2dd5-cad6-cd376754595d,37,0.2,1.1,1.1,2025-12-14 10:54:26.855233,1,2025-12-14 11:03:38.764735,2025-12-14
29,693e979f-b647-c7c4-a30d-e84e83a3ad5c,147,0.35,0.9,1.1,2025-12-14 10:57:31.933273,0,2025-12-14T10:57:51.704624,2025-12-14
30,693e97b3-303d-2843-c2f9-68ec99f4318e,273,0.5,0.9,2.1,2025-12-14 10:57:36.788170,0,2025-12-14 10:57:36.788170,2025-12-14
31,693e9790-49fe-e5a0-55e4-ee8fda65fb5b,222,0.35,2.3,0.7,2025-12-14 10:57:51.774141,1,2025-12-14 11:10:36.497536,2025-12-14
32,693f463c-d781-0902-7928-a3dc33350442,279,0.5,1.1,1.1,2025-12-14 23:22:03.187065,1,2025-12-14 23:31:19.246050,2025-12-14
33,693f46f3-7191-375a-1a29-79baeafbae80,333,0.5,2.1,0.9,2025-12-14 23:24:15.585481,1,2025-12-14 23:29:48.702581,2025-12-14
34,693f4732-c663-96f9-b3c5-66ae1b0eb8af,302,0.5,1.5,1.3,2025-12-14 23:25:20.793101,1,2025-12-14 23:31:55.719132,2025-12-14
35,693f46b5-6042-4df4-36c8-185ec60fc348,68,0.2,1.7,0.7,2025-12-14 23:26:05.288483,1,2025-12-14 23:40:30.802183,2025-12-14
36,693f4726-e5cb-4348-8009-1d22371b59d4,155,0.35,1.1,0.5,2025-12-14 23:26:19.825534,1,2025-12-14 23:40:07.386832,2025-12-14
37,693f4752-6776-e108-b2e2-6a00fe410895,232,0.35,2.5,0.5,2025-12-14 23:26:31.302979,1,2025-12-14 23:37:17.474814,2025-12-14
38,693f4778-7136-0665-e62d-5dda1cf5e852,16,0.2,0.7,1.3,2025-12-14 23:26:55.996078,1,2025-12-14 23:39:10.986492,2025-12-14
39,693f47c6-3f1a-8daf-b414-7aac2d638c34,81,0.2,1.9,1.1,2025-12-14 23:28:50.415171,1,2025-12-14 23:41:25.800147,2025-12-14
40,693f4895-bfb6-c867-c434-a789a200bb76,82,0.2,1.9,1.3,2025-12-14 23:31:01.644138,1,2025-12-14 23:37:03.883920,2025-12-14
41,693f488a-89d2-f232-afb9-99a6997bc872,112,0.2,2.5,0.7,2025-12-14 23:31:11.809278,0,2025-12-14T23:31:23.549919,2025-12-14
42,693f4895-dbe1-39d4-436b-a7cb10650282,294,0.5,1.3,1.9,2025-12-14 23:31:17.093625,1,2025-12-14 23:36:56.524916,2025-12-14
43,693f4887-6230-45d9-039a-2830243a0b3b,141,0.35,0.7,2.1,2025-12-14 23:31:19.093482,1,2025-12-14 23:43:17.226389,2025-12-14
44,693f48a1-481a-8ebe-35c5-101fdc6839f1,267,0.5,0.9,0.9,2025-12-14 23:31:21.635857,1,2025-12-14 23:40:50.890627,2025-12-14
45,693f489c-13d9-2a7a-ba52-f15a4c878c63,71,0.2,1.7,1.3,2025-12-14 23:31:27.484712,1,2025-12-14 23:43:10.876974,2025-12-14
46,693f4890-1d64-1e7b-e951-f6d38b79fa1b,46,0.2,1.3,0.7,2025-12-14 23:31:35.714539,1,2025-12-14 23:42:16.772510,2025-12-14
47,693f48a9-b7a8-6e30-296d-d54905708574,118,0.2,2.5,1.9,2025-12-14 23:31:49.356740,1,2025-12-14 23:40:20.921213,2025-12-14
48,693f4872-1502-e4f1-2444-7352c460ab44,13,0.2,0.7,0.7,2025-12-14 23:31:55.573624,0,2025-12-14T23:41:40.978892,2025-12-14
49,693f489e-490e-8eea-22e1-93dc20ea3966,297,0.5,1.3,2.5,2025-12-14 23:32:08.806935,1,2025-12-14 23:42:17.890200,2025-12-14
50,693f48c2-c2cc-3eee-7672-b01a36259dbe,304,0.5,1.5,1.7,2025-12-14 23:32:11.035029,1,2025-12-14 23:41:26.421779,2025-12-14
51,693f48b0-713d-a7e7-238d-6f84a638a40d,304,0.5,1.5,1.7,2025-12-14 23:32:12.879917,1,2025-12-14 23:45:38.115235,2025-12-14
52,693f48af-ec7a-b2e4-dfcd-8ba6ee4560cc,255,0.5,0.7,0.7,2025-12-14 23:32:16.427920,0,2025-12-14T23:36:13.173722,2025-12-14
53,693f48a0-252e-4960-b2ab-7f1f4c3632aa,72,0.2,1.7,1.5,2025-12-14 23:32:22.097241,1,2025-12-14 23:38:58.389198,2025-12-14
54,693f48e1-f43e-f9c1-6410-67b86dbaf148,188,0.35,1.7,0.5,2025-12-14 23:32:26.266897,1,2025-12-14 23:46:18.747176,2025-12-14
55,693f48be-c915-810d-8878-7f3285af27fb,107,0.2,2.3,1.9,2025-12-14 23:32:28.229991,1,2025-12-14 23:43:41.714139,2025-12-14
56,693f48cc-81a4-0793-3686-38a155730178,185,0.35,1.5,2.1,2025-12-14 23:32:34.452249,1,2025-12-14 23:39:59.092282,2025-12-14
57,693f48ee-7d84-722d-b654-8b75b1d3f3d1,336,0.5,2.1,1.5,2025-12-14 23:32:38.527857,1,2025-12-14 23:39:07.472898,2025-12-14
58,693f48e1-6686-e42a-bd5f-5b8d1bf42cb5,54,0.2,1.3,2.3,2025-12-14 23:32:43.052233,1,2025-12-14 23:42:34.584440,2025-12-14
59,693f48c7-fd86-15e6-4757-682bdbf00797,359,0.5,2.5,1.7,2025-12-14 23:32:45.124907,0,2025-12-14 23:32:45.124907,2025-12-14
60,693f48f6-5f37-b17d-4936-9768749eec56,91,0.2,2.1,0.9,2025-12-14 23:32:57.210951,0,2025-12-14T23:33:40.588288,2025-12-14
61,693f48e9-03d7-3dd2-848c-98f615ecc42e,76,0.2,1.7,2.3,2025-12-14 23:33:04.285208,0,2025-12-14T23:33:41.796122,2025-12-14
62,693f48c9-352b-a5c0-8398-c8b53d25825d,130,0.35,0.5,2.1,2025-12-14 23:33:08.363061,1,2025-12-14 23:44:34.141608,2025-12-14
63,693f48e8-efca-e7ec-06dc-175a5e25fc3f,314,0.5,1.7,1.5,2025-12-14 23:33:09.837879,1,2025-12-14 23:43:17.534720,2025-12-14
64,693f48b6-7cff-f1ab-77cc-4713c833daf5,210,0.35,2.1,0.5,2025-12-14 23:33:09.973413,0,2025-12-14T23:34:20.703555,2025-12-14
65,693f48e0-5b17-cd67-702a-d48eae047181,166,0.35,1.3,0.5,2025-12-14 23:33:10.516262,0,2025-12-14T23:34:16.868859,2025-12-14
66,693f4902-eccf-90e2-9d1a-e4790381d559,5,0.2,0.5,1.3,2025-12-14 23:33:11.207196,1,2025-12-14 23:41:46.122368,2025-12-14
67,693f48c1-5b4c-a536-3e5e-0d54c8bcbc53,135,0.35,0.7,0.9,2025-12-14 23:33:13.880240,1,2025-12-14 23:46:53.939821,2025-12-14
68,693f48f4-13ea-9d63-69f7-ce7036dff8d4,296,0.5,1.3,2.3,2025-12-14 23:33:17.646869,1,2025-12-14 23:40:23.122062,2025-12-14
69,693f48f3-d806-b716-d9e9-d8e13948f9fb,225,0.35,2.3,1.3,2025-12-14 23:33:20.052194,1,2025-12-14 23:42:49.662803,2025-12-14
70,693f48d7-bf01-89bb-a1cd-2cc3c820803e,278,0.5,1.1,0.9,2025-12-14 23:33:23.780429,0,2025-12-14T23:35:40.574370,2025-12-14
71,693f48ed-6ebf-4b4c-d32d-7b401c238d2f,28,0.2,0.9,1.5,2025-12-14 23:33:28.577506,0,2025-12-14T23:42:11.466079,2025-12-14
72,693f4900-eeb2-4c7e-8d23-bedc0ba13a92,324,0.5,1.9,1.3,2025-12-14 23:33:52.303706,1,2025-12-14 23:43:59.879930,2025-12-14
73,693f48ec-2564-ba5e-145f-bba7e9e6b0ba,155,0.35,1.1,0.5,2025-12-14 23:33:55.329075,1,2025-12-14 23:43:36.187344,2025-12-14
74,693f4927-a731-e317-9025-3120fa750f38,174,0.35,1.3,2.1,2025-12-14 23:34:05.034848,1,2025-12-14 23:42:03.326399,2025-12-14
75,693f48c4-ef1f-52e0-ccec-a0ae600f3284,189,0.35,1.7,0.7,2025-12-14 23:34:07.178017,1,2025-12-14 23:48:39.208530,2025-12-14
76,693f48a2-7516-01c6-f654-49d112b5ac0a,242,0.35,2.5,2.5,2025-12-14 23:34:20.627065,1,2025-12-14 23:53:44.451058,2025-12-14
77,693f48bb-b697-2273-a7fd-beb023ff109b,117,0.2,2.5,1.7,2025-12-14 23:34:32.077078,1,2025-12-14 23:44:03.229585,2025-12-14
78,693f496d-d823-c620-10bc-52f41bd54384,62,0.2,1.5,1.7,2025-12-14 23:34:54.032376,1,2025-12-14 23:42:27.831975,2025-12-14
79,693f48b9-6a7b-18ce-cd00-183651afe639,345,0.5,2.3,1.1,2025-12-14 23:35:05.778390,1,2025-12-14 23:43:23.218577,2025-12-14
80,693f48f9-2059-a1d0-d8b2-b5ae1028a4a9,30,0.2,0.9,1.9,2025-12-14 23:35:08.448983,0,2025-12-14T23:38:41.610638,2025-12-14
81,693f4966-48ef-61e1-6834-5adba1579e8e,136,0.35,0.7,1.1,2025-12-14 23:35:20.344344,1,2025-12-14 23:43:35.908516,2025-12-14
82,693f48ec-d9bd-0210-1ba0-9fb919d38a0b,218,0.35,2.1,2.1,2025-12-14 23:35:28.111352,1,2025-12-14 23:48:34.201748,2025-12-14
83,693f4949-0e17-be50-574b-fcad205d8e0f,359,0.5,2.5,1.7,2025-12-14 23:35:28.405023,1,2025-12-14 23:45:09.070607,2025-12-14
84,693f48fa-a4b7-f378-c121-8be2d4991f80,183,0.35,1.5,1.7,2025-12-14 23:35:35.039223,1,2025-12-14 23:50:56.213367,2025-12-14
85,693f48bf-7cca-4965-d3d8-ba504b652544,204,0.35,1.9,1.5,2025-12-14 23:35:46.797643,1,2025-12-14 23:59:23.393559,2025-12-14
86,693f49e0-184c-8fe1-e5d4-e5d87dbcf647,290,0.5,1.3,1.1,2025-12-14 23:36:52.576512,1,2025-12-14 23:49:09.869444,2025-12-14
87,693f49f1-3479-93dd-c3c0-1a211f067b8c,290,0.5,1.3,1.1,2025-12-14 23:37:04.091233,0,2025-12-14 23:37:04.091233,2025-12-14
88,693f49c9-1ef2-31e9-3caa-7abf836abce6,356,0.5,2.5,1.1,2025-12-14 23:37:06.729660,1,2025-12-14 23:46:05.147935,2025-12-14
89,693f49da-e669-994b-a03e-f3f02332bc08,298,0.5,1.5,0.5,2025-12-14 23:37:18.509171,0,2025-12-14T23:37:44.627543,2025-12-14
90,693f4a00-7bad-7636-ccff-4001e173b122,139,0.35,0.7,1.7,2025-12-14 23:37:19.390710,0,2025-12-14 23:37:19.390710,2025-12-14
91,693f4a10-e4f8-cfea-e0fe-6d9f14d99d7b,65,0.2,1.5,2.3,2025-12-14 23:38:16.690958,1,2025-12-14 23:44:19.854854,2025-12-14
92,693f4a14-c3ca-68ab-922a-861264537b99,106,0.2,2.3,1.7,2025-12-14 23:38:25.679904,1,2025-12-14 23:48:19.332153,2025-12-14
93,693f49f3-9554-b02a-c820-239c2b25fbda,65,0.2,1.5,2.3,2025-12-14 23:38:46.795616,1,2025-12-14 23:51:47.728666,2025-12-14
94,693f4a07-b58b-633a-2623-a6c03d3a0cef,255,0.5,0.7,0.7,2025-12-14 23:39:12.361582,1,2025-12-14 23:55:26.242025,2025-12-14
95,693f49ef-0ab9-abf6-1545-197e0e373cc1,307,0.5,1.5,2.3,2025-12-14 23:39:33.921587,1,2025-12-14 23:52:51.946921,2025-12-14
99,test3333,3,0.2,0.5,0.9,2025-12-16 21:24:39.640051,0,2025-12-16T21:25:01.376519,2025-12-16
100,test4444,79,0.2,1.9,0.7,2025-12-16 21:25:56.055457,0,2025-12-16T22:30:45.129148,2025-12-16
101,testtime2,96,0.2,2.1,1.9,2025-12-17 09:38:03.797195,0,2025-12-17 09:38:13.605129,2025-12-17
102,testtime11,293,0.5,1.3,1.7,2025-12-17 16:54:12.073310,0,2025-12-17 16:54:33.249652,2025-12-17
103,test11111,206,0.35,1.9,1.9,2025-12-18 09:02:00.465183,0,2025-12-18 09:02:00.465183,2025-12-18
104,test_20251218_092730_f4a208,22,0.2,0.7,2.5,2025-12-18 09:27:30.701152,0,2025-12-18 09:27:30.701152,2025-12-18
105,test_20251218_092903_cea169,17,0.2,0.7,1.5,2025-12-18 09:29:04.728117,0,2025-12-18 09:29:04.728117,2025-12-18
106,test_20251218_092906_29aebf,57,0.2,1.5,0.7,2025-12-18 09:29:07.980531,0,2025-12-18 09:29:27.432762,2025-12-18
107,test_20251218_092953_14a902,215,0.35,2.1,1.5,2025-12-18 09:29:53.872234,0,2025-12-18 09:29:53.872234,2025-12-18
108,test_20251218_092955_68cabd,50,0.2,1.3,1.5,2025-12-18 09:29:56.126385,0,2025-12-18 09:30:44.295009,2025-12-18
109,test_20251218_093130_b6f1d6,126,0.35,0.5,1.3,2025-12-18 09:31:31.278283,0,2025-12-18 09:31:31.278283,2025-12-18
110,test_20251218_093135_2d431b,301,0.5,1.5,1.1,2025-12-18 09:31:36.288652,0,2025-12-18 09:31:36.288652,2025-12-18
111,test_20251218_093139_8b0f5f,262,0.5,0.7,2.1,2025-12-18 09:31:39.860221,0,2025-12-18 09:31:39.860221,2025-12-18
112,test_20251218_093140_f01475,318,0.5,1.7,2.3,2025-12-18 09:31:40.992542,0,2025-12-18 09:31:40.992542,2025-12-18
113,test_20251218_093141_37f0ab,60,0.2,1.5,1.3,2025-12-18 09:31:42.233774,0,2025-12-18 09:31:42.233774,2025-12-18
114,test_incognito_456,59,0.2,1.5,1.1,2025-12-18 09:32:38.608251,0,2025-12-18 09:32:43.128651,2025-12-18
115,test_20251218_094023_3cff8c,34,0.2,1.1,0.5,2025-12-18 09:40:24.926033,0,2025-12-18 09:40:57.816941,2025-12-18
116,test_20251218_094245_965e3b,168,0.35,1.3,0.9,2025-12-18 09:42:46.115836,0,2025-12-18 09:42:58.211735,2025-12-18
117,test_20251218_102618_7b0562,234,0.35,2.5,0.9,2025-12-18 10:26:19.167173,0,2025-12-18 10:26:19.167173,2025-12-18
118,test_20251218_102645_116529,230,0.35,2.3,2.3,2025-12-18 10:26:46.570615,1,2025-12-18 10:41:26.649154,2025-12-18
119,test_20251218_112202_e50f57,209,0.35,1.9,2.5,2025-12-18 11:22:04.006640,1,2025-12-18 11:28:05.898460,2025-12-18
120,6943ea81-f067-bc53-0bee-c189f9dd13e1,78,0.2,1.9,0.5,2025-12-18 11:50:59.894304,1,2025-12-18 11:54:42.242009,2025-12-18
121,6943ecd2-c3a9-0290-4674-c93294cadace,235,0.35,2.5,1.1,2025-12-18 12:03:10.704704,1,2025-12-18 12:15:26.651692,2025-12-18
122,6943ed3a-b53f-51fe-7a80-402843fda5d7,328,0.5,1.9,2.1,2025-12-18 12:03:11.686219,0,2025-12-18 12:03:11.686219,2025-12-18
123,6943ed73-8a5e-e149-181d-bcf91de5ce6b,330,0.5,1.9,2.5,2025-12-18 12:04:35.123279,1,2025-12-18 12:17:00.939621,2025-12-18
124,6943eda0-5088-4792-0629-d0f1e193006d,320,0.5,1.9,0.5,2025-12-18 12:05:14.959721,0,2025-12-18 12:05:27.088843,2025-12-18
125,6943ede5-9d19-d06c-ea30-2f1976455140,178,0.35,1.5,0.7,2025-12-18 12:06:47.554897,0,2025-12-18 12:06:47.554897,2025-12-18
126,6943eebd-f51c-7799-3e72-fe22eefdef18,18,0.2,0.7,1.7,2025-12-18 12:13:26.290177,1,2025-12-18 12:23:08.514011,2025-12-18
127,6943f125-586f-5d37-49e8-4c7130f21587,147,0.35,0.9,1.1,2025-12-18 12:19:27.228278,0,2025-12-18 12:22:16.912316,2025-12-18
128,6943f1cf-ccd4-1505-40d7-8e2d837af907,74,0.2,1.7,1.9,2025-12-18 12:22:56.622897,1,2025-12-18 12:29:17.968570,2025-12-18
129,6943f2b2-abeb-cb62-f226-8f4da2d2a324,233,0.35,2.5,0.7,2025-12-18 12:26:45.068716,1,2025-12-18 12:36:09.923300,2025-12-18
130,6943f1c0-8f9a-cd82-e22c-2b5e097662fd,198,0.35,1.7,2.5,2025-12-18 12:27:55.487820,1,2025-12-18 12:53:49.483951,2025-12-18
131,6943f33b-841b-9be0-e240-8b6a00574e0c,284,0.5,1.1,2.1,2025-12-18 12:28:27.176546,0,2025-12-18 12:28:27.176546,2025-12-18
132,6943f517-b939-e433-c217-7d23e92486d7,111,0.2,2.5,0.5,2025-12-18 12:36:29.544524,0,2025-12-18 12:36:29.544524,2025-12-18
133,6943f55f-ce20-d69b-bf05-a6fbc4e78352,288,0.5,1.3,0.7,2025-12-18 12:37:59.931234,0,2025-12-18 12:37:59.931234,2025-12-18
134,6943f958-9486-52de-3eb0-39537956203b,124,0.35,0.5,0.9,2025-12-18 12:54:42.946524,0,2025-12-18 12:56:54.321228,2025-12-18
135,6943fc85-798b-b0f4-1b1e-c58e9e561aed,166,0.35,1.3,0.5,2025-12-18 13:08:53.770223,1,2025-12-18 13:19:41.058026,2025-12-18
136,6943fcfe-beba-c9ce-fcd5-5b0667ac1cd8,360,0.5,2.5,1.9,2025-12-18 13:10:40.628247,1,2025-12-18 13:20:49.830594,2025-12-18
137,6943fcc3-eb7b-2b08-6097-8cc32dda3bdf,331,0.5,2.1,0.5,2025-12-18 13:10:42.582753,1,2025-12-18 13:20:41.443921,2025-12-18
138,6943fd2c-f038-c0fd-21c4-d8902dfc6ca0,39,0.2,1.1,1.5,2025-12-18 13:10:45.906772,1,2025-12-18 13:17:04.591056,2025-12-18
139,6943fd88-c667-b463-0409-cc0a9e3a2944,30,0.2,0.9,1.9,2025-12-18 13:12:29.684005,1,2025-12-18 13:20:14.386143,2025-12-18
140,6943fd84-789c-3488-1350-91577432dd0e,123,0.35,0.5,0.7,2025-12-18 13:14:01.395324,0,2025-12-18 13:14:31.752320,2025-12-18
141,6943fda9-3943-faa1-202a-26ab6e747272,214,0.35,2.1,1.3,2025-12-18 13:16:38.624911,1,2025-12-18 13:28:04.656829,2025-12-18
142,6943fe9f-4a2d-6189-b890-4b876a310bab,253,0.5,0.5,2.5,2025-12-18 13:17:30.482338,1,2025-12-18 13:29:05.410591,2025-12-18
143,6943fe7a-6954-716e-b91a-07f075af7c6b,325,0.5,1.9,1.5,2025-12-18 13:17:38.610693,1,2025-12-18 13:29:58.436475,2025-12-18
144,6943ff11-3a2b-f950-7ce6-840785d0891d,22,0.2,0.7,2.5,2025-12-18 13:19:27.166929,1,2025-12-18 13:28:08.573950,2025-12-18
145,6943ff42-11b3-be95-0b1f-ac8f0514df6f,177,0.35,1.5,0.5,2025-12-18 13:19:53.739890,1,2025-12-18 13:27:11.456099,2025-12-18
146,6943ff31-2c4c-1c6e-e136-02a387990f79,352,0.5,2.3,2.5,2025-12-18 13:20:30.024361,1,2025-12-18 13:26:45.011433,2025-12-18
147,6943ff75-8de7-ad43-df51-00c6ff667bda,269,0.5,0.9,1.3,2025-12-18 13:20:38.039948,1,2025-12-18 13:29:00.600580,2025-12-18
148,6943ff91-b122-43e4-c9f9-5b18d7df76eb,64,0.2,1.5,2.1,2025-12-18 13:21:20.981684,0,2025-12-18 13:22:24.745030,2025-12-18
149,6943ff97-861a-3cc4-aba2-cae32f8e2d2f,305,0.5,1.5,1.9,2025-12-18 13:21:27.473524,1,2025-12-18 13:29:37.349645,2025-12-18
150,6943ff86-b4b0-21b6-eb8e-0623080a3641,121,0.2,2.5,2.5,2025-12-18 13:22:48.523125,0,2025-12-18 13:24:36.786425,2025-12-18
151,69440027-41b7-884e-df59-0b86c0b0fd3a,97,0.2,2.1,2.1,2025-12-18 13:23:35.663587,1,2025-12-18 13:39:11.122934,2025-12-18
152,6943ffd3-46ed-dfd3-4b55-5608d9116245,184,0.35,1.5,1.9,2025-12-18 13:24:14.329742,1,2025-12-18 13:39:42.761539,2025-12-18
153,69440038-9a73-9b61-b5d4-76ef8a33c3cd,323,0.5,1.9,1.1,2025-12-18 13:24:16.655514,1,2025-12-18 13:32:06.606059,2025-12-18
154,6944003e-df06-d2f6-0114-fb7e5f59f843,44,0.2,1.1,2.5,2025-12-18 13:24:33.919167,1,2025-12-18 13:31:46.997375,2025-12-18
155,6944006e-d2cc-a7ce-9781-797ce10e1201,58,0.2,1.5,0.9,2025-12-18 13:24:37.854155,1,2025-12-18 13:30:58.864101,2025-12-18
156,694400a8-ea6d-b67d-884a-37651ed00163,252,0.5,0.5,2.3,2025-12-18 13:25:38.454032,1,2025-12-18 13:30:44.694874,2025-12-18
157,694400c0-36c4-39aa-4f1a-f7d098d533c0,335,0.5,2.1,1.3,2025-12-18 13:26:27.537617,1,2025-12-18 13:34:10.247294,2025-12-18
158,694400c3-a05d-de46-d9c4-4636e2804c46,139,0.35,0.7,1.7,2025-12-18 13:26:43.458120,0,2025-12-18 13:30:56.984628,2025-12-18
159,694400ec-a47a-4965-ae34-03d216cd6726,32,0.2,0.9,2.3,2025-12-18 13:27:15.186308,0,2025-12-18 13:29:54.064108,2025-12-18
160,6944010d-909b-ce72-eb1e-5fa98e737614,277,0.5,1.1,0.7,2025-12-18 13:27:29.410726,0,2025-12-18 13:28:59.249504,2025-12-18
161,69440067-cdbb-fbd1-72a0-e7787fef164a,353,0.5,2.5,0.5,2025-12-18 13:29:07.045851,1,2025-12-18 13:53:11.204182,2025-12-18
162,69441253-36f4-e438-2883-300e750e2498,6,0.2,0.5,1.5,2025-12-18 14:41:43.959482,1,2025-12-18 14:50:48.838785,2025-12-18
163,694415a9-2f28-7fbd-95be-1992eb5faaf6,35,0.2,1.1,0.7,2025-12-18 14:55:15.176257,0,2025-12-18 14:56:07.025485,2025-12-18
164,6944160c-e1a6-55e5-649c-243984e4a44d,270,0.5,0.9,1.5,2025-12-18 14:57:23.843364,1,2025-12-18 15:05:56.174930,2025-12-18
165,694415b2-ce97-4580-b681-d8806ec5d164,36,0.2,1.1,0.9,2025-12-18 14:57:33.666653,1,2025-12-18 15:04:47.751864,2025-12-18
166,69441638-f7ac-8690-d412-b3003cfa2dcf,343,0.5,2.3,0.7,2025-12-18 14:57:43.370598,0,2025-12-18 14:59:12.065161,2025-12-18
167,69441617-3dc3-3c40-99fb-567d8aba95dc,24,0.2,0.9,0.7,2025-12-18 14:58:54.012092,1,2025-12-18 15:03:47.625531,2025-12-18
168,69441686-b949-35ac-68fc-0de87a54ca02,285,0.5,1.1,2.3,2025-12-18 14:59:20.237796,1,2025-12-18 15:21:18.393140,2025-12-18
169,694416d2-3483-b7c9-3979-629009081ba0,173,0.35,1.3,1.9,2025-12-18 15:01:14.968347,0,2025-12-18 15:01:44.418953,2025-12-18
170,69441713-1b73-c2e2-a1b2-c0a3c7036b70,70,0.2,1.7,1.1,2025-12-18 15:03:32.355802,1,2025-12-18 15:37:34.354942,2025-12-18
171,6944176d-8c2c-885f-505f-7731b0e1305f,361,0.5,2.5,2.1,2025-12-18 15:03:44.531684,1,2025-12-18 15:10:26.974325,2025-12-18
172,6944173c-6356-6e50-22e9-582614074f59,47,0.2,1.3,0.9,2025-12-18 15:05:05.779372,1,2025-12-18 15:22:35.107159,2025-12-18
173,test_20251218_150553_148529,25,0.2,0.9,0.9,2025-12-18 15:05:55.295180,0,2025-12-18 15:05:55.295180,2025-12-18
174,6944191b-5843-161f-7ca9-3314f34cfba1,134,0.35,0.7,0.7,2025-12-18 15:10:04.116557,1,2025-12-18 15:15:24.316315,2025-12-18
175,69441ade-f8a3-714e-95b2-321ca98c8a9c,169,0.35,1.3,1.1,2025-12-18 15:17:29.323565,1,2025-12-18 15:22:45.339788,2025-12-18
176,69441b15-cc18-e1c7-7442-0deac4780130,8,0.2,0.5,1.9,2025-12-18 15:18:45.125069,1,2025-12-18 15:24:13.155371,2025-12-18
177,69441b1a-056b-d677-6fb6-79db74bde9a2,1,0.2,0.5,0.5,2025-12-18 15:18:45.983551,0,2025-12-18 15:19:44.459959,2025-12-18
178,69441afd-ed12-f50f-a32a-e8aa9fa12553,112,0.2,2.5,0.7,2025-12-18 15:18:55.476952,1,2025-12-18 15:26:57.697334,2025-12-18
179,69441b1d-c8f7-97e8-30e9-1cf61b3b18ae,94,0.2,2.1,1.5,2025-12-18 15:19:04.713662,1,2025-12-18 15:26:51.628289,2025-12-18
180,69441b19-615d-c5c9-2f38-f2ba7203b527,20,0.2,0.7,2.1,2025-12-18 15:19:17.640172,1,2025-12-18 15:31:39.350066,2025-12-18
181,69441b38-70cd-1157-bc19-6545de4e8b31,340,0.5,2.1,2.3,2025-12-18 15:19:22.376188,1,2025-12-18 15:25:22.246296,2025-12-18
182,69441af6-4c20-d329-8b51-a71928b81fdb,216,0.35,2.1,1.7,2025-12-18 15:19:35.806926,1,2025-12-18 15:30:38.236758,2025-12-18
183,69441b32-422d-f479-2537-73fa41cba712,165,0.35,1.1,2.5,2025-12-18 15:19:43.823886,1,2025-12-18 15:27:44.321653,2025-12-18
184,69441b6a-16f0-3a95-d1b1-acee4e279677,48,0.2,1.3,1.1,2025-12-18 15:20:12.602878,1,2025-12-18 15:28:03.715640,2025-12-18
185,69441b1a-5b3c-7bc5-62ba-0eb989ac3e56,348,0.5,2.3,1.7,2025-12-18 15:20:23.117632,1,2025-12-18 15:34:25.488096,2025-12-18
186,69441b5c-84b6-9b26-81f0-6862d9f63d07,131,0.35,0.5,2.3,2025-12-18 15:20:35.375710,1,2025-12-18 15:26:47.986385,2025-12-18
187,69441b59-593f-d770-61bb-f3b22b9c8089,77,0.2,1.7,2.5,2025-12-18 15:20:46.550689,1,2025-12-18 15:26:46.921102,2025-12-18
188,69441bad-f998-e1f5-17dc-6243c7f5d084,67,0.2,1.7,0.5,2025-12-18 15:22:09.744108,1,2025-12-18 15:33:32.095546,2025-12-18
189,69441b7a-18a9-3023-f340-b9d25d82082f,133,0.35,0.7,0.5,2025-12-18 15:22:44.215998,0,2025-12-18 15:22:44.215998,2025-12-18
190,69441bc8-737a-ef67-c548-a50bae7ce755,11,0.2,0.5,2.5,2025-12-18 15:23:16.527068,1,2025-12-18 15:30:00.435789,2025-12-18
191,69441c58-181c-052b-f1d5-c6011603b598,327,0.5,1.9,1.9,2025-12-18 15:24:04.188281,0,2025-12-18 15:24:04.188281,2025-12-18
192,69441bfb-514b-3fa4-bb76-20967d53aca2,132,0.35,0.5,2.5,2025-12-18 15:24:16.230099,1,2025-12-18 15:34:30.598196,2025-12-18
193,69441c89-3737-515f-3284-854a05eb592b,341,0.5,2.1,2.5,2025-12-18 15:25:10.177102,1,2025-12-18 15:34:47.653094,2025-12-18
194,69441d5b-77d3-2783-ae7b-473b990b3310,96,0.2,2.1,1.9,2025-12-18 15:28:13.403353,1,2025-12-18 15:36:45.919658,2025-12-18
195,69441de0-79ee-a510-3e1b-c94651333e47,343,0.5,2.3,0.7,2025-12-18 15:30:33.173027,0,2025-12-18 15:33:17.434100,2025-12-18
196,69441dc0-cc4c-b758-1206-410b253ce57c,339,0.5,2.1,2.1,2025-12-18 15:30:35.151190,1,2025-12-18 15:34:59.354537,2025-12-18
197,69441e1c-572d-2e27-835f-c560429f0333,88,0.2,1.9,2.5,2025-12-18 15:31:24.491809,1,2025-12-18 15:37:55.314235,2025-12-18
198,69441e03-77e9-46ad-2624-2ac9853cfa24,138,0.35,0.7,1.5,2025-12-18 15:31:40.286961,1,2025-12-18 15:40:54.296717,2025-12-18
199,69441e5e-8466-70b8-fa94-85c8e0ee4fb3,239,0.35,2.5,1.9,2025-12-18 15:33:43.086757,1,2025-12-18 15:42:12.494897,2025-12-18
200,69441e92-54a3-984e-aa05-4393f2d81a75,316,0.5,1.7,1.9,2025-12-18 15:33:45.043866,0,2025-12-18 15:43:36.034116,2025-12-18
201,69441e94-b573-a115-236a-5d2f1c771f26,259,0.5,0.7,1.5,2025-12-18 15:33:47.017087,1,2025-12-18 15:39:51.977487,2025-12-18
202,69441e8a-13ed-0c1c-5cc0-61dda206c438,100,0.2,2.3,0.5,2025-12-18 15:34:49.391657,1,2025-12-18 15:45:33.390745,2025-12-18
203,69441eea-1abf-31bc-5968-f8e197432443,277,0.5,1.1,0.7,2025-12-18 15:35:08.436894,1,2025-12-18 15:42:38.968964,2025-12-18
204,69441f09-a610-02aa-d949-a3887b6facf4,128,0.35,0.5,1.7,2025-12-18 15:35:30.750604,1,2025-12-18 15:41:36.384055,2025-12-18
205,69441f0c-d9d0-aa2d-d539-4966fce5b228,300,0.5,1.5,0.9,2025-12-18 15:36:00.855843,1,2025-12-18 15:45:51.801354,2025-12-18
206,69441f09-769f-2a08-a5ad-9b834127fd41,342,0.5,2.3,0.5,2025-12-18 15:36:01.798125,0,2025-12-18 15:38:04.258712,2025-12-18
207,69441f3f-1396-9eaf-6c97-270adf93e470,32,0.2,0.9,2.3,2025-12-18 15:37:16.424951,0,2025-12-18 15:39:15.009888,2025-12-18
208,69441f4e-36d5-95b9-7618-543972443b17,93,0.2,2.1,1.3,2025-12-18 15:37:28.038621,0,2025-12-18 15:41:15.722822,2025-12-18
209,69441f73-c204-4145-7866-6e583a40c007,180,0.35,1.5,1.1,2025-12-18 15:38:23.680012,1,2025-12-18 15:47:25.545315,2025-12-18
210,69441f92-741f-0e2d-9b24-ba3c3049f856,108,0.2,2.3,2.1,2025-12-18 15:38:49.997652,1,2025-12-18 15:44:52.126743,2025-12-18
211,69441fb0-8113-aaf2-580b-d5e0996cedbd,99,0.2,2.1,2.5,2025-12-18 15:39:01.438717,0,2025-12-18 15:39:01.438717,2025-12-18
212,69441ffb-3086-71f0-fb53-093dc4367d6c,262,0.5,0.7,2.1,2025-12-18 15:40:09.446747,1,2025-12-18 15:48:53.046815,2025-12-18
213,69442000-b1b5-9ad5-6469-5bad02142d82,168,0.35,1.3,0.9,2025-12-18 15:40:12.576811,0,2025-12-18 15:42:29.763213,2025-12-18
214,6944205a-05d5-0a01-d93f-687010f07c29,116,0.2,2.5,1.5,2025-12-18 15:41:01.103881,1,2025-12-18 15:48:31.332841,2025-12-18
215,6944207b-9223-b768-f74e-c02b1fd764b0,266,0.5,0.9,0.7,2025-12-18 15:41:20.548648,1,2025-12-18 15:46:08.952933,2025-12-18
216,6944205e-6666-4e5d-5f92-e3093d6e51d4,244,0.5,0.5,0.7,2025-12-18 15:43:40.209130,0,2025-12-18 15:50:23.917858,2025-12-18
217,694420c5-542d-0f76-45bb-81b2004dce7a,122,0.35,0.5,0.5,2025-12-18 15:43:41.149570,0,2025-12-18 15:46:03.663421,2025-12-18
218,6944212e-a1b5-1080-504f-6df89f5b9c9c,170,0.35,1.3,1.3,2025-12-18 15:44:36.473626,0,2025-12-18 15:48:30.198741,2025-12-18
219,69442170-e317-c5ca-d068-9fd6ffec7654,148,0.35,0.9,1.3,2025-12-18 15:45:39.101649,0,2025-12-18 15:50:03.183584,2025-12-18
220,69442137-0442-2eba-1e89-ca5916a921f1,328,0.5,1.9,2.1,2025-12-18 15:45:47.498145,0,2025-12-18 15:46:32.508818,2025-12-18
221,6944217f-b785-8e81-2408-39f87a6e1ccf,263,0.5,0.7,2.3,2025-12-18 15:46:43.170198,0,2025-12-18 16:32:19.037658,2025-12-18
222,694421b9-3ba7-94ea-0ced-888416dccaa9,83,0.2,1.9,1.5,2025-12-18 15:47:56.169570,0,2025-12-18 15:47:56.169570,2025-12-18
223,694421d2-d8ad-53b0-3dcd-7670aa09f6e4,195,0.35,1.7,1.9,2025-12-18 15:48:19.878985,0,2025-12-18 15:48:19.878985,2025-12-18
224,69442245-1a74-960c-a374-3711064e4201,347,0.5,2.3,1.5,2025-12-18 15:48:54.590372,1,2025-12-18 15:55:02.936173,2025-12-18
225,69442255-2c0d-6ea3-56c0-244f27c81eae,69,0.2,1.7,0.9,2025-12-18 15:49:52.665725,1,2025-12-18 15:54:41.457092,2025-12-18
226,6944227d-87e9-df33-a2b3-41efe26a197a,237,0.35,2.5,1.5,2025-12-18 15:50:21.937674,0,2025-12-18 15:50:21.937674,2025-12-18
227,6944227f-ce42-a443-4681-193b5d139d79,286,0.5,1.1,2.5,2025-12-18 15:51:00.931911,1,2025-12-18 15:58:13.190632,2025-12-18
228,694421dc-8c2e-9b82-dc19-c1f3f8e4c7a2,202,0.35,1.9,1.1,2025-12-18 15:51:21.080342,0,2025-12-18 15:51:52.694657,2025-12-18
229,69442228-08d2-fd26-d40c-e068c8abff2e,57,0.2,1.5,0.7,2025-12-18 15:52:06.794616,1,2025-12-18 16:06:16.729286,2025-12-18
230,694422d2-3229-dc70-6468-ca0e1f31c80c,60,0.2,1.5,1.3,2025-12-18 15:52:14.368498,1,2025-12-18 16:01:38.105573,2025-12-18
231,6944235d-019c-fb24-ece8-8e56aa2ec30a,190,0.35,1.7,0.9,2025-12-18 15:54:44.379953,1,2025-12-18 16:03:36.957140,2025-12-18
232,694423b7-a9d3-902b-430d-9a0a347a383e,191,0.35,1.7,1.1,2025-12-18 15:55:30.118131,1,2025-12-18 16:01:29.761560,2025-12-18
233,694423c8-ccc7-bae2-7783-d1f14f206aa7,27,0.2,0.9,1.3,2025-12-18 15:55:45.563543,1,2025-12-18 16:03:59.889574,2025-12-18
234,694423ee-2e6f-318c-5c3a-a37e93892cb3,241,0.35,2.5,2.3,2025-12-18 15:56:38.174040,1,2025-12-18 16:06:50.335803,2025-12-18
235,694423f0-a159-1e8b-6769-b99a5eae5064,215,0.35,2.1,1.5,2025-12-18 15:56:44.724862,0,2025-12-18 15:59:08.946318,2025-12-18
236,69442409-e0c8-6acd-7f0a-96b06ba4542d,182,0.35,1.5,1.5,2025-12-18 15:57:17.889210,0,2025-12-18 15:57:17.889210,2025-12-18
237,69442411-e0b3-9c20-cd0f-244f84859e08,127,0.35,0.5,1.5,2025-12-18 15:57:38.742869,1,2025-12-18 16:06:27.331931,2025-12-18
238,694423bd-454e-e278-f8be-b9b8d74600a7,119,0.2,2.5,2.1,2025-12-18 15:57:48.294754,1,2025-12-18 16:07:35.956049,2025-12-18
239,69442473-1198-0d78-76cc-fe356b9fb35e,160,0.35,1.1,1.5,2025-12-18 15:59:05.627039,0,2025-12-18 15:59:39.041373,2025-12-18
240,6944247f-f0dd-62ff-9e1b-9de9c0be10e4,186,0.35,1.5,2.3,2025-12-18 15:59:33.888395,0,2025-12-18 16:03:17.885945,2025-12-18
241,6944250a-88c2-1d5d-5e9a-a4c4bcd8b25f,303,0.5,1.5,1.5,2025-12-18 16:01:35.306936,1,2025-12-18 16:13:30.885051,2025-12-18
242,6944244d-b13d-7093-d545-fdb3477d3666,142,0.35,0.7,2.3,2025-12-18 16:01:45.550894,1,2025-12-18 16:37:21.356235,2025-12-18
243,69442592-01fc-63a0-1e31-1b8b9093294b,50,0.2,1.3,1.5,2025-12-18 16:03:51.838506,1,2025-12-18 16:13:47.552168,2025-12-18
244,69442541-4755-2b25-c54e-59f0cd14b239,192,0.35,1.7,1.3,2025-12-18 16:05:03.697846,1,2025-12-18 16:16:39.269162,2025-12-18
245,694425e7-dc4a-2d8d-cffe-c91c32be9e04,273,0.5,0.9,2.1,2025-12-18 16:05:58.670677,1,2025-12-18 16:16:47.815254,2025-12-18
246,69442636-b980-b1b3-12e7-ed796bc6a4d1,59,0.2,1.5,1.1,2025-12-18 16:06:32.005527,0,2025-12-18 16:06:32.005527,2025-12-18
247,6944264d-3c32-6466-bf0a-08b65493d36b,251,0.5,0.5,2.1,2025-12-18 16:06:41.600632,0,2025-12-18 16:07:21.924246,2025-12-18
248,69442651-e721-e612-25e9-ca65166790d5,110,0.2,2.3,2.5,2025-12-18 16:06:51.803282,0,2025-12-18 16:06:51.803282,2025-12-18
249,6944267e-0c93-8053-3be3-8b7f430377d6,7,0.2,0.5,1.7,2025-12-18 16:07:08.192883,1,2025-12-18 16:11:56.532885,2025-12-18
250,69442652-7ab3-a339-9d73-75c31d914a2b,156,0.35,1.1,0.7,2025-12-18 16:07:28.268282,1,2025-12-18 16:20:16.506265,2025-12-18
251,694426a3-b37b-8b8c-1389-c96ef455dbfc,104,0.2,2.3,1.3,2025-12-18 16:07:54.827947,1,2025-12-18 16:15:14.203881,2025-12-18
252,694426d8-7651-02ba-ec79-e361c79129d5,306,0.5,1.5,2.1,2025-12-18 16:08:57.483791,0,2025-12-18 16:10:29.427790,2025-12-18
253,694426df-192c-ec53-cf4c-6adbf386aefc,240,0.35,2.5,2.1,2025-12-18 16:10:16.344065,1,2025-12-18 16:23:03.167386,2025-12-18
254,694426f9-707c-1151-4c35-df28282ef248,309,0.5,1.7,0.5,2025-12-18 16:10:58.815983,0,2025-12-18 16:13:06.230017,2025-12-18
255,69442821-a70b-1da6-856b-f824a95644d6,178,0.35,1.5,0.7,2025-12-18 16:14:32.564793,1,2025-12-18 16:20:54.277739,2025-12-18
256,6944283b-20cd-2609-aedb-22f1541fcf68,31,0.2,0.9,2.1,2025-12-18 16:14:49.885392,1,2025-12-18 16:22:08.781159,2025-12-18
257,694427c1-f09b-0f45-a5df-251f4280922f,260,0.5,0.7,1.7,2025-12-18 16:14:52.651067,0,2025-12-18 16:16:18.501459,2025-12-18
258,694428ac-eced-6f3a-6d88-8cd3141ba841,120,0.2,2.5,2.3,2025-12-18 16:17:05.063571,1,2025-12-18 16:24:09.438736,2025-12-18
259,69441ed7-4d40-8bad-51e5-a2346d23804f,150,0.35,0.9,1.7,2025-12-18 16:17:43.508953,0,2025-12-18 16:17:43.508953,2025-12-18
260,694428c6-e3b0-f4c7-b754-079bb6e604d7,334,0.5,2.1,1.1,2025-12-18 16:17:54.409538,1,2025-12-18 16:25:29.742087,2025-12-18
261,694429be-4a8d-5dbe-d33c-fc54187b3f05,28,0.2,0.9,1.5,2025-12-18 16:21:42.849033,1,2025-12-18 16:30:06.287980,2025-12-18
262,test_20251218_162327_00cecc,84,0.2,1.9,1.7,2025-12-18 16:23:29.047111,0,2025-12-18 16:23:29.047111,2025-12-18
263,69442a80-6a92-7dbc-d9fd-cea4ff5057e4,194,0.35,1.7,1.7,2025-12-18 16:24:21.636656,1,2025-12-18 16:34:08.313100,2025-12-18
264,test_20251218_162524_e17b8e,329,0.5,1.9,2.3,2025-12-18 16:25:26.463475,0,2025-12-18 16:25:26.463475,2025-12-18
265,69442c11-13a4-56be-92b6-4554ab4e1b52,111,0.2,2.5,0.5,2025-12-18 16:31:24.691995,1,2025-12-18 16:40:40.974612,2025-12-18
266,69442bae-55eb-693d-afec-d6b624ff67cf,64,0.2,1.5,2.1,2025-12-18 16:31:46.662903,1,2025-12-18 16:47:07.143544,2025-12-18
267,69442c58-91b7-959d-23c1-c966c29b1c0c,160,0.35,1.1,1.5,2025-12-18 16:32:51.715191,1,2025-12-18 16:46:01.046234,2025-12-18
268,69442e62-4265-830c-6ac9-88cd8b760a54,344,0.5,2.3,0.9,2025-12-18 16:40:56.570771,0,2025-12-18 16:41:19.031946,2025-12-18
269,69442e89-f74f-6331-df3f-34435c88a2a7,358,0.5,2.5,1.5,2025-12-18 16:42:36.191047,0,2025-12-18 16:42:36.191047,2025-12-18
270,69442e0d-880d-9ead-c7c7-3fd653f5c0f2,244,0.5,0.5,0.7,2025-12-18 16:43:05.401013,0,2025-12-18 16:43:42.518447,2025-12-18
271,69442ef5-9c9a-91af-ad69-651bdbfcdcbb,201,0.35,1.9,0.9,2025-12-18 16:44:08.088186,0,2025-12-18 16:44:08.088186,2025-12-18
272,69442e0f-4b12-d4b3-cc51-70ab51e28f8c,299,0.5,1.5,0.7,2025-12-18 16:46:26.483266,1,2025-12-18 19:08:28.782229,2025-12-18
273,69442fd6-c52c-448b-e508-8c7cc7404ff4,110,0.2,2.3,2.5,2025-12-18 16:48:15.552909,1,2025-12-18 16:55:30.339989,2025-12-18
274,69442f07-a88c-520b-0c47-2c1776a0420d,234,0.35,2.5,0.9,2025-12-18 16:48:25.074746,1,2025-12-18 17:05:03.255896,2025-12-18
275,69442f5a-6640-4c5d-e34b-3127208ad4dd,211,0.35,2.1,0.7,2025-12-18 16:52:43.213943,1,2025-12-18 16:59:02.621060,2025-12-18
276,694431bb-8102-f840-be71-e7c963a979b0,29,0.2,0.9,1.7,2025-12-18 16:55:49.620960,1,2025-12-18 17:05:39.490963,2025-12-18
277,694433b6-1814-c1b1-6ac2-6ca5e56ec428,320,0.5,1.9,0.5,2025-12-18 17:03:36.924996,0,2025-12-18 17:04:47.578902,2025-12-18
278,69443551-8aff-bcbf-f78e-131ca3e20d24,219,0.35,2.1,2.3,2025-12-18 17:10:35.046145,1,2025-12-18 17:18:15.106371,2025-12-18
279,69443583-69ac-e1e5-9670-2aa0a82c4740,98,0.2,2.1,2.3,2025-12-18 17:11:42.007994,1,2025-12-18 17:18:38.852121,2025-12-18
280,694436bb-6216-e76f-4f2a-795f2d5725ad,351,0.5,2.3,2.3,2025-12-18 17:17:15.072459,0,2025-12-18 17:17:15.072459,2025-12-18
281,69443701-bbdb-e6da-73b1-f386b5bbf32d,52,0.2,1.3,1.9,2025-12-18 17:18:15.018772,1,2025-12-18 17:26:19.489055,2025-12-18
282,69443738-02f5-f47f-6084-20ee9cfeb514,26,0.2,0.9,1.1,2025-12-18 17:18:16.939708,1,2025-12-18 17:27:03.862095,2025-12-18
283,69443779-7557-b160-a5c5-d89a3932f68e,49,0.2,1.3,1.3,2025-12-18 17:20:14.009688,0,2025-12-18 17:20:14.009688,2025-12-18
284,69443800-d450-8c07-5022-6b32ecf302b9,91,0.2,2.1,0.9,2025-12-18 17:22:29.145897,1,2025-12-18 17:28:19.364676,2025-12-18
285,694438ba-45dd-124c-0237-0a88f5f04753,4,0.2,0.5,1.1,2025-12-18 17:25:49.212884,1,2025-12-18 17:32:33.211407,2025-12-18
286,69443aee-32b2-e64f-65d7-5fe41d26a16d,355,0.5,2.5,0.9,2025-12-18 17:35:03.984843,1,2025-12-18 17:43:09.774351,2025-12-18
287,69443b28-104d-5c13-a445-010d83c5fb30,349,0.5,2.3,1.9,2025-12-18 17:36:02.069375,1,2025-12-18 17:43:58.307954,2025-12-18
288,69443bc4-a1d6-6ace-34bc-b229d758d157,114,0.2,2.5,1.1,2025-12-18 17:38:08.418782,1,2025-12-18 17:45:21.210198,2025-12-18
289,69443c05-306a-0321-8fd5-3e7e5f78f970,163,0.35,1.1,2.1,2025-12-18 17:39:49.979902,1,2025-12-18 17:46:13.466194,2025-12-18
290,69443bdd-9cb5-beb3-78b8-985fd3853afa,85,0.2,1.9,1.9,2025-12-18 17:39:53.567883,0,2025-12-18 17:41:49.653765,2025-12-18
291,69443d3c-5d22-6aa0-9d63-f74798d3fc48,92,0.2,2.1,1.1,2025-12-18 17:45:01.363868,1,2025-12-18 17:53:25.944714,2025-12-18
292,69443d3c-002b-174c-d76c-6031c50fb7fe,3,0.2,0.5,0.9,2025-12-18 17:46:39.243984,0,2025-12-18 17:57:47.948765,2025-12-18
293,69443e2a-0f11-ac52-1505-e10e07ec7dbf,15,0.2,0.7,1.1,2025-12-18 17:48:10.320629,0,2025-12-18 17:49:58.320923,2025-12-18
294,69443e23-5729-f3ae-33fa-7d4dfad6e96e,207,0.35,1.9,2.1,2025-12-18 17:48:30.771595,0,2025-12-18 17:48:30.771595,2025-12-18
295,69443e6d-18bc-6f72-7f61-47b64a0df8c3,258,0.5,0.7,1.3,2025-12-18 17:49:44.068287,1,2025-12-18 17:54:44.531216,2025-12-18
296,69443eae-b143-b67b-f78e-6ffe65f235c9,363,0.5,2.5,2.5,2025-12-18 17:51:39.644523,1,2025-12-18 18:01:51.592850,2025-12-18
297,69443ebf-f044-325d-9923-872a67623c25,90,0.2,2.1,0.7,2025-12-18 17:51:58.663824,1,2025-12-18 19:32:16.682873,2025-12-18
298,69443ee3-e6bf-8492-fe43-7511debc88ba,32,0.2,0.9,2.3,2025-12-18 17:52:22.755042,0,2025-12-18 17:52:22.755042,2025-12-18
299,69443f5c-37b5-6efc-b908-d6fbe9f930b8,301,0.5,1.5,1.1,2025-12-18 17:53:58.958047,1,2025-12-18 18:02:12.955540,2025-12-18
300,69443f84-c467-5f61-73bf-713b2c955245,362,0.5,2.5,2.3,2025-12-18 17:54:28.786750,1,2025-12-18 18:05:44.862529,2025-12-18
301,69443fd2-2b80-a5c9-9f02-a228ed25676f,212,0.35,2.1,0.9,2025-12-18 17:55:29.477977,1,2025-12-18 18:11:08.634012,2025-12-18
302,69443ff7-2631-bff8-1021-c796dbc8e288,238,0.35,2.5,1.7,2025-12-18 17:56:04.991160,1,2025-12-18 18:01:35.495594,2025-12-18
303,69443fff-692c-06bb-ce70-1368e8265c0b,328,0.5,1.9,2.1,2025-12-18 17:56:12.079041,1,2025-12-18 18:03:47.586553,2025-12-18
304,6944401c-6738-a152-3862-f18feb8156cf,164,0.35,1.1,2.3,2025-12-18 17:56:44.493758,1,2025-12-18 18:05:32.135243,2025-12-18
305,6944402d-1e68-6859-6f76-895c9022bcb3,102,0.2,2.3,0.9,2025-12-18 17:56:46.488713,1,2025-12-18 18:01:33.902746,2025-12-18
306,6944400a-231d-6147-9573-279f7fc9fc74,93,0.2,2.1,1.3,2025-12-18 17:57:09.553176,1,2025-12-18 18:05:30.923945,2025-12-18
307,69444057-e3d7-b7f3-9502-8512a9ac8d96,154,0.35,0.9,2.5,2025-12-18 17:57:21.116172,1,2025-12-18 18:08:14.219724,2025-12-18
308,69443fa5-044d-5437-25ee-1fb735342325,109,0.2,2.3,2.3,2025-12-18 17:57:23.840525,0,2025-12-18 17:57:48.249411,2025-12-18
309,6944406e-67ed-a906-db48-41a70a75dcd6,93,0.2,2.1,1.3,2025-12-18 17:58:04.789942,0,2025-12-18 17:58:04.789942,2025-12-18
310,69444011-db36-33dc-edcf-37e44c60011c,282,0.5,1.1,1.7,2025-12-18 17:58:29.486949,0,2025-12-18 17:58:29.486949,2025-12-18
311,694440ba-6b47-bf08-c8ad-a70136b4e362,263,0.5,0.7,2.3,2025-12-18 17:59:27.062873,0,,2025-12-18
312,694440c6-277c-7f43-fd92-b69520d6d5d5,124,0.35,0.5,0.9,2025-12-18 17:59:31.311085,0,2025-12-18 17:59:31.311085,2025-12-18
313,69444038-1c7b-9e7c-cb3f-d06b239c2e33,181,0.35,1.5,1.3,2025-12-18 17:59:33.691286,0,2025-12-18 18:01:31.394479,2025-12-18
314,694440d9-4f99-d24a-3c2b-da74de4f730e,41,0.2,1.1,1.9,2025-12-18 17:59:42.014852,1,2025-12-18 18:06:37.731058,2025-12-18
315,694440ab-211f-0bbc-2cb2-75bd07e7fed5,236,0.35,2.5,1.3,2025-12-18 17:59:42.872281,1,2025-12-18 18:10:16.685502,2025-12-18
316,6944410a-0ded-e238-c400-888bffcb41d0,159,0.35,1.1,1.3,2025-12-18 18:00:31.467722,1,2025-12-18 18:08:31.075674,2025-12-18
317,694440df-4c9e-82c0-3b4e-f522b5b4f0e9,21,0.2,0.7,2.3,2025-12-18 18:01:31.710847,1,2025-12-18 18:13:27.349431,2025-12-18
318,69444183-3967-50db-dd4b-43e91e1a98d4,306,0.5,1.5,2.1,2025-12-18 18:02:43.847042,0,2025-12-18 18:03:23.458894,2025-12-18
319,694441a4-1007-88bd-8597-244a134294cc,122,0.35,0.5,0.5,2025-12-18 18:02:46.640460,1,2025-12-18 18:08:07.117002,2025-12-18
320,694441aa-dff3-0490-bfdc-a7d0721a065b,170,0.35,1.3,1.3,2025-12-18 18:02:52.288277,1,2025-12-18 18:11:23.960889,2025-12-18
321,69444189-43c4-7c6e-35b1-9aa43e8a95d2,272,0.5,0.9,1.9,2025-12-18 18:02:57.186863,0,2025-12-18 18:03:30.477973,2025-12-18
322,694441e5-d592-26c3-9451-9eccaf2df086,103,0.2,2.3,1.1,2025-12-18 18:03:54.060330,1,2025-12-18 18:11:42.250367,2025-12-18
323,694441d4-4ce6-65ec-9350-95a6be808276,99,0.2,2.1,2.5,2025-12-18 18:04:03.222799,0,2025-12-18 18:06:48.056020,2025-12-18
324,694441d9-10c1-dcab-7d97-c6c5f2a68adb,161,0.35,1.1,1.7,2025-12-18 18:04:25.276144,1,2025-12-18 18:14:33.160980,2025-12-18
325,694441cd-dca8-d79f-45bd-6e71557e3971,316,0.5,1.7,1.9,2025-12-18 18:04:40.724665,0,,2025-12-18
326,69444218-afc1-a17e-13b1-ba58c21a3121,326,0.5,1.9,1.7,2025-12-18 18:05:02.879787,0,2025-12-18 18:05:02.879787,2025-12-18
327,69444243-dd18-5fd5-cfc4-fbc97a8b852e,84,0.2,1.9,1.7,2025-12-18 18:05:18.339415,0,2025-12-18 18:05:18.339415,2025-12-18
328,694441ef-b1c0-00c3-d49b-70708314b2b4,243,0.5,0.5,0.5,2025-12-18 18:05:36.814054,1,2025-12-18 18:23:16.760129,2025-12-18
329,69444237-b6ef-dbe2-d153-2122cd57af3c,173,0.35,1.3,1.9,2025-12-18 18:05:57.668358,1,2025-12-18 18:12:49.697599,2025-12-18
330,69444203-dc13-eb35-8df3-4d08f6cb5434,195,0.35,1.7,1.9,2025-12-18 18:06:09.350774,0,2025-12-18 18:06:09.350774,2025-12-18
331,69444262-01ec-514f-0d44-ae9e2baa6f8e,176,0.35,1.3,2.5,2025-12-18 18:06:19.738444,0,2025-12-18 18:09:12.359801,2025-12-18
332,69444206-92f5-5edf-cb39-787a902d09b3,311,0.5,1.7,0.9,2025-12-18 18:06:20.528631,1,2025-12-18 18:22:36.776723,2025-12-18
333,69444250-8d5c-185d-de06-e518cc33c53c,284,0.5,1.1,2.1,2025-12-18 18:06:54.085169,0,2025-12-18 18:06:54.085169,2025-12-18
334,694442b9-6ea3-283b-b555-cb7698e16ef1,228,0.35,2.3,1.9,2025-12-18 18:07:23.726514,0,2025-12-18 18:08:52.503558,2025-12-18
335,69444283-d349-6448-6fc5-2e1e927c6e4b,146,0.35,0.9,0.9,2025-12-18 18:07:53.921316,0,2025-12-18 18:08:04.822593,2025-12-18
336,694442dd-c99a-b9c6-53be-81bd02461805,146,0.35,0.9,0.9,2025-12-18 18:08:13.178486,0,2025-12-18 18:08:44.494851,2025-12-18
337,694442e5-8e55-d524-5e07-433a2fe2df74,66,0.2,1.5,2.5,2025-12-18 18:08:25.048561,1,2025-12-18 18:14:53.310013,2025-12-18
338,694442c9-34b5-9bec-ad99-8f2ced458d86,208,0.35,1.9,2.3,2025-12-18 18:08:27.772601,1,2025-12-18 18:18:36.818411,2025-12-18
339,69444323-b055-3341-c835-0a2dc245d138,254,0.5,0.7,0.5,2025-12-18 18:10:15.294873,1,2025-12-18 18:25:53.501194,2025-12-18
340,69444338-de8c-6bf5-d572-964f4f802e6a,145,0.35,0.9,0.7,2025-12-18 18:10:40.686967,1,2025-12-18 18:17:08.849189,2025-12-18
341,6944437c-c238-86a6-8887-4adc137f36a1,105,0.2,2.3,1.5,2025-12-18 18:10:55.696284,0,2025-12-18 18:12:18.351701,2025-12-18
342,69444384-8443-26b0-0403-56235fe9aaf3,247,0.5,0.5,1.3,2025-12-18 18:11:12.521691,1,2025-12-18 18:17:00.077204,2025-12-18
343,694443c6-d6a6-bd81-c278-a43ce2ee6e6d,115,0.2,2.5,1.3,2025-12-18 18:12:38.281232,1,2025-12-18 18:20:19.681241,2025-12-18
344,69444391-b2c7-29a9-daad-512fb28f822c,287,0.5,1.3,0.5,2025-12-18 18:13:07.569390,1,2025-12-18 18:26:17.169110,2025-12-18
345,694443e1-3678-1d81-a34f-de6248f76c0c,73,0.2,1.7,1.7,2025-12-18 18:13:13.397936,1,2025-12-18 18:21:35.260350,2025-12-18
346,69444430-de51-e1f6-4942-e386772f854b,221,0.35,2.3,0.5,2025-12-18 18:13:57.333026,1,2025-12-18 18:20:06.897090,2025-12-18
347,69444424-e24c-3847-03f9-5344022cd4d3,168,0.35,1.3,0.9,2025-12-18 18:14:03.321055,1,2025-12-18 18:22:41.150627,2025-12-18
348,6944442a-2c09-f795-8a47-1018c55b5642,151,0.35,0.9,1.9,2025-12-18 18:14:10.856976,1,2025-12-18 18:24:40.567976,2025-12-18
349,69444410-73d1-b328-a221-de65088e9c60,53,0.2,1.3,2.1,2025-12-18 18:14:11.792825,1,2025-12-18 18:22:12.367051,2025-12-18
350,69444434-761c-31bc-f9be-fa6c9512ab8e,245,0.5,0.5,0.9,2025-12-18 18:14:23.078309,0,2025-12-18 18:16:00.215182,2025-12-18
351,69444434-b795-2207-c09b-2c364c2b2ad9,168,0.35,1.3,0.9,2025-12-18 18:14:23.896336,1,2025-12-18 18:21:56.401802,2025-12-18
352,69444403-d8ff-5ea8-9552-2ff9bfad5055,66,0.2,1.5,2.5,2025-12-18 18:14:31.256037,1,2025-12-18 18:25:20.512465,2025-12-18
353,69444444-ab92-1800-20e0-6138c30ca9db,157,0.35,1.1,0.9,2025-12-18 18:14:57.631230,1,2025-12-18 18:26:24.289788,2025-12-18
354,69444445-3076-bd77-048b-a507dc86ba3d,201,0.35,1.9,0.9,2025-12-18 18:15:38.222097,1,2025-12-18 18:31:00.817556,2025-12-18
355,6944442a-a036-908e-e959-0eefdbb466d5,257,0.5,0.7,1.1,2025-12-18 18:15:43.974432,0,2025-12-18 18:16:19.908546,2025-12-18
356,694443e8-e9dc-eb90-5599-a3e5591f589b,76,0.2,1.7,2.3,2025-12-18 18:17:37.486833,1,2025-12-18 18:25:10.637594,2025-12-18
357,69444a85-8fa0-c709-3f67-65a3fa3bc848,152,0.35,0.9,2.1,2025-12-18 18:40:50.202521,1,2025-12-18 18:45:11.319780,2025-12-18
358,69444c1d-7490-7e4e-a37a-a7dfc550a0dc,220,0.35,2.1,2.5,2025-12-18 18:48:02.745036,1,2025-12-18 18:59:21.022474,2025-12-18
359,69444c63-1f1b-a176-b872-bcf681abb3c8,350,0.5,2.3,2.1,2025-12-18 18:48:45.932205,1,2025-12-18 18:57:30.763933,2025-12-18
360,69444c47-531f-1ab0-c92e-4ba422720c6b,1,0.2,0.5,0.5,2025-12-18 18:48:49.463339,1,2025-12-18 18:56:39.498548,2025-12-18
361,69444c5a-f91c-9f58-2aff-1959ce363118,9,0.2,0.5,2.1,2025-12-18 18:48:50.705603,0,2025-12-18 18:52:00.382053,2025-12-18
362,69444c4e-3845-0cd8-4306-e57a8ec24625,306,0.5,1.5,2.1,2025-12-18 18:49:00.331537,1,2025-12-18 19:01:49.409696,2025-12-18
363,69444c76-1e5f-e56a-ecab-918a0b337d5c,332,0.5,2.1,0.7,2025-12-18 18:49:19.712971,0,2025-12-18 18:49:19.712971,2025-12-18
364,69444c9a-02cc-9ce0-2ded-edd7ab243471,284,0.5,1.1,2.1,2025-12-18 18:49:37.593806,1,2025-12-18 18:56:00.890372,2025-12-18
365,69444c8e-a774-2d9c-92d9-222e458ff113,318,0.5,1.7,2.3,2025-12-18 18:49:44.512042,1,2025-12-18 19:00:21.827695,2025-12-18
366,69444cab-1c0a-8020-bf05-d77fab8bc73c,105,0.2,2.3,1.5,2025-12-18 18:49:57.063088,1,2025-12-18 18:55:47.700516,2025-12-18
367,69444c93-57df-c4d3-5840-3c4ca6701396,17,0.2,0.7,1.5,2025-12-18 18:50:06.645546,1,2025-12-18 18:56:01.939437,2025-12-18
368,69444cb7-01cb-f280-907c-39ae36fca203,346,0.5,2.3,1.3,2025-12-18 18:50:40.387809,1,2025-12-18 18:57:22.923042,2025-12-18
369,69444c65-7b51-7dc3-b953-0937903716f1,326,0.5,1.9,1.7,2025-12-18 18:50:41.673772,1,2025-12-18 18:59:29.610257,2025-12-18
370,69444ce4-4a61-734c-622c-e2f5aa2d71fa,281,0.5,1.1,1.5,2025-12-18 18:50:53.433610,1,2025-12-18 18:55:46.256773,2025-12-18
371,69444ce0-7022-30a9-864d-c47404356247,284,0.5,1.1,2.1,2025-12-18 18:50:54.920469,1,2025-12-18 18:57:07.177676,2025-12-18
372,69444c40-4851-b03c-06d4-29bc35f1a1e9,309,0.5,1.7,0.5,2025-12-18 18:51:04.037318,1,2025-12-18 19:14:11.644094,2025-12-18
373,69444cfc-bfa6-4011-b97e-779dd61fbc06,322,0.5,1.9,0.9,2025-12-18 18:51:30.599590,0,2025-12-18 18:51:30.599590,2025-12-18
374,69444cf3-631f-fdb0-3e3c-32e081fde650,186,0.35,1.5,2.3,2025-12-18 18:51:32.368797,1,2025-12-18 18:57:33.242046,2025-12-18
375,69444cb5-ba5c-2bb7-714c-087b8c0d9a31,139,0.35,0.7,1.7,2025-12-18 18:58:45.580731,1,2025-12-18 19:16:15.584781,2025-12-18
376,test_20251218_190104_5467c9,23,0.2,0.9,0.5,2025-12-18 19:01:07.721537,0,2025-12-18 19:01:07.721537,2025-12-18
377,test_20251218_190207_e67e0c,358,0.5,2.5,1.5,2025-12-18 19:02:09.467137,0,2025-12-18 19:02:09.467137,2025-12-18
378,test_20251218_191359_1a02f3,137,0.35,0.7,1.3,2025-12-18 19:14:00.389048,0,2025-12-18 19:14:00.389048,2025-12-18
379,694443ba-5f3d-ea4a-b722-38d0aa23f708,12,0.2,0.7,0.5,2025-12-18 19:23:21.418814,1,2025-12-18 19:27:46.750463,2025-12-18
380,test_20251218_203808_943701,79,0.2,1.9,0.7,2025-12-18 20:38:09.900183,0,2025-12-18 20:38:09.900183,2025-12-18
381,test_20251218_210950_754e74,264,0.5,0.7,2.5,2025-12-18 21:09:51.494110,0,2025-12-18 21:09:51.494110,2025-12-18
382,test_20251218_212422_ff0c34,271,0.5,0.9,1.7,2025-12-18 21:24:25.274721,0,2025-12-18 21:24:25.274721,2025-12-18
383,test_20251218_225128_b8d7d0,195,0.35,1.7,1.9,2025-12-18 22:51:30.147329,0,2025-12-18 22:51:30.147329,2025-12-18
384,test_20251218_233212_775998,203,0.35,1.9,1.3,2025-12-18 23:32:13.961990,0,2025-12-18 23:32:13.961990,2025-12-18
385,test_20251219_030309_1761d0,43,0.2,1.1,2.3,2025-12-19 03:03:16.322627,0,2025-12-19 03:03:16.322627,2025-12-19
386,test_20251219_035618_759a41,162,0.35,1.1,1.9,2025-12-19 03:56:20.641335,0,2025-12-19 03:56:20.641335,2025-12-19
387,test_20251219_122044_9fc1fd,35,0.2,1.1,0.7,2025-12-19 12:20:48.769803,0,2025-12-19 12:20:48.769803,2025-12-19
388,test_20251219_221325_26ef0c,213,0.35,2.1,1.1,2025-12-19 22:13:26.204109,0,2025-12-19 22:13:31.480337,2025-12-19
389,test_20251219_222929_630b0e,179,0.35,1.5,0.9,2025-12-19 22:29:30.629232,1,2025-12-19 22:34:50.168651,2025-12-19
390,test_20251220_065337_f816a9,322,0.5,1.9,0.9,2025-12-20 06:53:39.495503,0,2025-12-20 06:53:39.495503,2025-12-20
391,test_20251220_140450_4ac249,223,0.35,2.3,0.9,2025-12-20 14:04:51.123243,1,2025-12-20 14:39:04.548734,2025-12-20
392,test_20251220_181420_92d013,202,0.35,1.9,1.1,2025-12-20 18:14:22.161972,0,2025-12-20 18:26:45.080677,2025-12-20
393,test_20251220_184046_5411fa,203,0.35,1.9,1.3,2025-12-20 18:40:47.373532,0,2025-12-20 18:40:50.887318,2025-12-20
394,test_20251220_193837_f72783,55,0.2,1.3,2.5,2025-12-20 19:38:38.592362,0,2025-12-20 19:38:38.592362,2025-12-20
395,test455555,313,0.5,1.7,1.3,2025-12-20 19:38:45.933209,0,2025-12-20 19:38:48.645932,2025-12-20
396,test_20251220_194625_088926,200,0.35,1.9,0.7,2025-12-20 19:46:26.914469,0,2025-12-20 19:56:56.695434,2025-12-20
397,test_verify_20251220,288,0.5,1.3,0.7,2025-12-20 20:21:21.445317,0,2025-12-20 20:21:32.703876,2025-12-20
398,test_20251220_202424_c195a8,200,0.35,1.9,0.7,2025-12-20 20:24:25.606001,0,2025-12-20 20:24:25.606001,2025-12-20
399,test2224,267,0.5,0.9,0.9,2025-12-20 20:24:36.982612,0,2025-12-20 20:24:46.157438,2025-12-20
400,$TEST_AID,275,0.5,0.9,2.5,2025-12-20 20:29:54.411426,0,2025-12-20 20:30:32.891707,2025-12-20
401,test_20251220_205741_9a6e8c,251,0.5,0.5,2.1,2025-12-20 20:57:41.784128,0,2025-12-20 20:57:41.784128,2025-12-20
402,test_20251220_212515_dd8b89,143,0.35,0.7,2.5,2025-12-20 21:25:15.594701,0,2025-12-20 21:25:15.594701,2025-12-20
403,test_20251220_212554_b596d9,373,0.35,0.5,1.9,2025-12-20 21:25:55.025172,0,2025-12-20 21:25:55.025172,2025-12-20
404,final_validation_test,87,0.2,1.9,2.3,2025-12-20 21:26:01.283859,0,2025-12-20 21:26:07.940977,2025-12-20
405,test_20251220_212808_24d2ad,146,0.35,0.9,0.9,2025-12-20 21:28:09.352651,0,2025-12-20 21:28:09.352651,2025-12-20
406,test_20251220_212812_cb953d,344,0.5,2.3,0.9,2025-12-20 21:28:13.367577,0,2025-12-20 21:28:34.217882,2025-12-20
407,test_20251220_213018_cf1094,367,0.2,2.3,0.7,2025-12-20 21:30:19.025786,0,2025-12-20 21:30:19.025786,2025-12-20
408,test_20251220_213020_f87225,205,0.35,1.9,1.7,2025-12-20 21:30:21.438373,1,2025-12-20 21:39:51.477296,2025-12-20
409,test_20251220_214528_1578a4,15,0.2,0.7,1.1,2025-12-20 21:45:29.220659,0,2025-12-20 21:45:29.220659,2025-12-20
410,test_20251220_214617_044666,123,0.35,0.5,0.7,2025-12-20 21:46:17.691579,0,2025-12-20 21:46:17.691579,2025-12-20
411,test_20251221_084323_3c21c4,248,0.5,0.5,1.5,2025-12-21 08:43:24.461402,0,2025-12-21 08:43:24.461402,2025-12-21
412,test_20251221_121622_ffe018,338,0.5,2.1,1.9,2025-12-21 12:16:22.605611,0,,2025-12-21
413,test_20251221_121627_efbcd4,207,0.35,1.9,2.1,2025-12-21 12:16:27.849266,1,2025-12-21 12:22:28.031459,2025-12-21
414,CLOUDTEST123,3,0.2,0.5,0.9,2025-12-21 12:35:37.190924,0,2025-12-21 12:35:37.190924,2025-12-21
415,test_20251221_123554_6fe63c,35,0.2,1.1,0.7,2025-12-21 12:35:54.808469,0,2025-12-21 12:35:54.808469,2025-12-21
416,test_20251221_123609_2506a7,80,0.2,1.9,0.9,2025-12-21 12:36:10.059474,0,2025-12-21 12:36:10.059474,2025-12-21
417,test_20251221_123625_5b6bdb,86,0.2,1.9,2.1,2025-12-21 12:36:26.317056,0,2025-12-21 12:36:26.317056,2025-12-21
418,CLOUDTEST_1766320657,148,0.35,0.9,1.3,2025-12-21 12:37:37.914720,0,2025-12-21 12:37:37.914720,2025-12-21
419,test_20251221_124540_22d0da,193,0.35,1.7,1.5,2025-12-21 12:45:40.938258,0,2025-12-21 12:45:40.938258,2025-12-21
420,test_20251221_124551_f90f57,101,0.2,2.3,0.7,2025-12-21 12:45:52.200001,0,2025-12-21 12:45:52.200001,2025-12-21
421,{{WORKER_ID}},369,0.2,2.5,2.5,2025-12-21 12:53:46.282905,0,,2025-12-21
422,test_20251221_142819_f9381a,274,0.5,0.9,2.3,2025-12-21 14:28:19.745661,0,2025-12-21 14:28:19.745661,2025-12-21
423,test_20251221_142842_ac544d,334,0.5,2.1,1.1,2025-12-21 14:28:43.268939,0,2025-12-21 14:28:47.809478,2025-12-21
424,test_20251221_142901_ed77ec,228,0.35,2.3,1.9,2025-12-21 14:29:02.053588,0,2025-12-21 14:29:02.053588,2025-12-21
425,test999,182,0.35,1.5,1.5,2025-12-21 14:29:09.178354,0,,2025-12-21
426,test_20251221_143828_ad3bd4,144,0.35,0.9,0.5,2025-12-21 14:38:29.482150,0,2025-12-21 14:38:29.482150,2025-12-21
427,test_20251221_143834_70bacc,29,0.2,0.9,1.7,2025-12-21 14:38:34.863965,1,2025-12-21 14:44:03.808313,2025-12-21
428,test_20251221_144705_7cf9b2,262,0.5,0.7,2.1,2025-12-21 14:47:07.609835,0,2025-12-21 14:47:07.609835,2025-12-21
429,test22234,163,0.35,1.1,2.1,2025-12-21 14:47:14.468390,0,2025-12-21 14:47:25.652450,2025-12-21
430,69480974-016b-00b3-35b1-3f1aa203fcd8,137,0.35,0.7,1.3,2025-12-21 14:52:34.550330,1,2025-12-21 14:58:30.075106,2025-12-21
431,694809ee-3fe4-7986-4680-d506e4c566ed,198,0.35,1.7,2.5,2025-12-21 14:54:49.038600,0,2025-12-21 14:54:49.038600,2025-12-21
432,69480a06-7be4-b964-70bb-467dffe77fde,182,0.35,1.5,1.5,2025-12-21 14:55:11.838723,1,2025-12-21 15:01:30.345250,2025-12-21
433,69480a06-e794-6b7f-3631-2eccf4a4506b,99,0.2,2.1,2.5,2025-12-21 14:55:35.132781,0,2025-12-21 14:58:53.039148,2025-12-21
434,69480a3f-b57d-e3d0-a0ce-055057fdf7f6,278,0.5,1.1,0.9,2025-12-21 14:55:36.485478,1,2025-12-21 14:59:36.880645,2025-12-21
435,69480b37-20ff-67be-4a9a-d87773dd2f95,51,0.2,1.3,1.7,2025-12-21 15:00:03.880527,1,2025-12-21 15:05:22.952689,2025-12-21
436,69480b5e-0636-3937-6d2d-6420231ebce0,154,0.35,0.9,2.5,2025-12-21 15:01:23.668010,1,2025-12-21 15:08:22.265934,2025-12-21
437,69480b9a-3b36-d869-ff1c-780f9e0cb300,202,0.35,1.9,1.1,2025-12-21 15:01:50.604364,0,2025-12-21 15:01:50.604364,2025-12-21
438,69480c61-81eb-543f-d074-c9152c64147f,275,0.5,0.9,2.5,2025-12-21 15:04:42.790516,1,2025-12-21 15:09:46.079144,2025-12-21
439,69480c67-45f2-8ece-e9a0-9e5c0dc29b7b,146,0.35,0.9,0.9,2025-12-21 15:04:46.125948,1,2025-12-21 15:10:53.133279,2025-12-21
440,69480c87-14a0-df73-08a1-102419eda51b,326,0.5,1.9,1.7,2025-12-21 15:05:33.483620,1,2025-12-21 15:12:20.391869,2025-12-21
441,69480d04-5751-526c-3f18-e7d22722bbfa,309,0.5,1.7,0.5,2025-12-21 15:07:29.165013,0,2025-12-21 15:07:29.165013,2025-12-21
442,69481306-624f-5d35-33f9-47aefdf945a4,355,0.5,2.5,0.9,2025-12-21 15:33:28.971564,1,2025-12-21 15:38:58.731042,2025-12-21
443,69481368-e8de-b893-2e7c-ba309c347803,166,0.35,1.3,0.5,2025-12-21 15:34:52.450052,1,2025-12-21 15:40:40.384755,2025-12-21
444,69481373-948f-0f1e-7363-558a6d5b9e2e,38,0.2,1.1,1.3,2025-12-21 15:36:36.514978,1,2025-12-21 15:44:04.940781,2025-12-21
445,69481492-97ff-d0f2-54f8-b7a98dd7f772,135,0.35,0.7,0.9,2025-12-21 15:39:48.916191,0,2025-12-21 15:42:51.571989,2025-12-21
446,69481476-a6f3-e9be-50e8-e91c32f2c2bd,3,0.2,0.5,0.9,2025-12-21 15:40:01.224567,1,2025-12-21 15:47:04.734623,2025-12-21
447,694814b3-ffaa-a7f2-ffdf-bde658b24702,35,0.2,1.1,0.7,2025-12-21 15:40:20.085351,1,2025-12-21 15:49:59.512802,2025-12-21
448,694814b3-5d06-3148-b35b-1bbb59ca632e,234,0.35,2.5,0.9,2025-12-21 15:40:24.397423,1,2025-12-21 15:51:57.738972,2025-12-21
449,694814c7-a02a-338f-c3f3-7a22948d0969,81,0.2,1.9,1.1,2025-12-21 15:40:47.359003,0,2025-12-21 15:40:47.359003,2025-12-21
450,694814c4-3922-d508-476e-bd45c92f148d,319,0.5,1.7,2.5,2025-12-21 15:40:55.704690,1,2025-12-21 15:48:14.576835,2025-12-21
451,694814d5-dcb2-0a45-8653-2450778a0c49,289,0.5,1.3,0.9,2025-12-21 15:41:03.795394,1,2025-12-21 15:47:23.581801,2025-12-21
452,69481460-132a-6a1e-2e57-df82b8cb63a2,39,0.2,1.1,1.5,2025-12-21 15:41:10.515636,1,2025-12-21 16:20:29.590787,2025-12-21
453,694814d8-1211-1ab5-1ce7-3e5ddb9d5dcb,267,0.5,0.9,0.9,2025-12-21 15:41:18.834087,1,2025-12-21 15:46:05.571290,2025-12-21
454,694814f3-7ca2-4712-f04d-21332a0dbb31,220,0.35,2.1,2.5,2025-12-21 15:41:25.447234,1,2025-12-21 15:47:38.574140,2025-12-21
455,694814e1-706e-d5e3-4386-1ec70efc47de,75,0.2,1.7,2.1,2025-12-21 15:41:31.775636,1,2025-12-21 15:47:16.098566,2025-12-21
456,69481502-b056-add1-f85f-a5b6b7a9f54f,83,0.2,1.9,1.5,2025-12-21 15:41:36.987577,1,2025-12-21 15:49:25.834997,2025-12-21
457,69481503-a42a-6534-193c-db90816f9ebd,69,0.2,1.7,0.9,2025-12-21 15:41:39.265171,1,2025-12-21 15:53:01.135772,2025-12-21
458,694814ee-3646-a167-d093-c704003e7280,92,0.2,2.1,1.1,2025-12-21 15:41:45.477378,1,2025-12-21 15:48:54.838102,2025-12-21
459,69481504-268c-6aec-fdf6-9e4f4de86a3f,164,0.35,1.1,2.3,2025-12-21 15:42:00.354523,1,2025-12-21 15:51:06.261228,2025-12-21
460,6948151e-2292-a3b6-2a69-941babc910eb,302,0.5,1.5,1.3,2025-12-21 15:42:04.669239,1,2025-12-21 15:46:39.583001,2025-12-21
461,69481510-1660-1a1f-5324-ec567e4a8880,13,0.2,0.7,0.7,2025-12-21 15:42:10.392430,1,2025-12-21 15:55:01.742796,2025-12-21
462,694814ed-ad40-3964-2c06-f5eff6dbbbbb,249,0.5,0.5,1.7,2025-12-21 15:42:18.358085,0,2025-12-21 15:42:43.009967,2025-12-21
463,69481494-5a12-a97b-5f88-b8303270285b,132,0.35,0.5,2.5,2025-12-21 15:42:27.229894,0,2025-12-21 15:43:14.329457,2025-12-21
464,6948151f-8444-1b08-532e-a30804b8c71a,167,0.35,1.3,0.7,2025-12-21 15:42:29.205208,1,2025-12-21 15:52:47.842725,2025-12-21
465,69481500-47dd-f7ba-4de3-4d3e91e75362,1,0.2,0.5,0.5,2025-12-21 15:43:23.437591,0,2025-12-21 15:43:23.437591,2025-12-21
466,6948151c-cfc9-2212-f8c0-93c17eb891d1,245,0.5,0.5,0.9,2025-12-21 15:43:57.110432,1,2025-12-21 15:53:49.975829,2025-12-21
467,694814d6-207a-0e60-fcd6-c5a20ccbdb26,88,0.2,1.9,2.5,2025-12-21 15:47:07.221941,1,2025-12-21 15:56:18.210437,2025-12-21
468,69481ae1-3b7e-3155-19f7-e1ce9cdd4c49,157,0.35,1.1,0.9,2025-12-21 16:06:56.617548,0,2025-12-21 16:06:56.617548,2025-12-21
469,69481b94-ed6a-02e5-86a3-8b5584adf3b7,31,0.2,0.9,2.1,2025-12-21 16:10:04.848305,1,2025-12-21 16:15:05.854736,2025-12-21
470,69481ba2-4b7c-3a8a-5e75-ea80103faa0d,28,0.2,0.9,1.5,2025-12-21 16:10:33.927633,1,2025-12-21 16:21:03.941534,2025-12-21
471,69481c27-9d3d-2148-d7b3-563cec008345,169,0.35,1.3,1.1,2025-12-21 16:12:31.692200,1,2025-12-21 16:21:45.513048,2025-12-21
472,69481cf9-62f2-cae0-3700-b08752120346,353,0.5,2.5,0.5,2025-12-21 16:15:39.477369,1,2025-12-21 16:22:52.335474,2025-12-21
473,69481d36-70b0-56d5-d005-af8638d404ba,226,0.35,2.3,1.5,2025-12-21 16:16:39.200705,1,2025-12-21 16:25:15.911205,2025-12-21
474,69481d31-f460-6a7c-7461-ca04d3dc0497,262,0.5,0.7,2.1,2025-12-21 16:16:46.807247,1,2025-12-21 16:30:10.713233,2025-12-21
475,69481d4c-b34f-dbb0-93e3-409f6e53e017,41,0.2,1.1,1.9,2025-12-21 16:16:54.010456,1,2025-12-21 16:22:47.293206,2025-12-21
476,69481d3e-5b71-9ee0-1691-2179b16f5a45,341,0.5,2.1,2.5,2025-12-21 16:17:28.672114,0,2025-12-21 16:17:28.672114,2025-12-21
477,69481d14-2cef-e07e-c901-a29982c909c9,279,0.5,1.1,1.1,2025-12-21 16:17:36.059426,0,2025-12-21 16:17:36.059426,2025-12-21
478,69481d58-496f-1d71-5af0-0aa751439d75,277,0.5,1.1,0.7,2025-12-21 16:17:45.245212,0,2025-12-21 16:21:25.590337,2025-12-21
479,69481da6-ebfd-b084-a4d6-c45583edc4a4,111,0.2,2.5,0.5,2025-12-21 16:18:34.973174,1,2025-12-21 16:29:09.909131,2025-12-21
480,69481da5-0d8b-5cf5-9d00-6fde36772ec0,134,0.35,0.7,0.7,2025-12-21 16:18:42.750320,1,2025-12-21 16:40:39.021869,2025-12-21
481,69481d7e-d910-6aa7-dbed-534c195a9496,124,0.35,0.5,0.9,2025-12-21 16:18:45.499534,1,2025-12-21 16:24:59.365115,2025-12-21
482,69481d87-656b-387e-386b-806c42d4e780,195,0.35,1.7,1.9,2025-12-21 16:18:48.315344,1,2025-12-21 16:30:09.396858,2025-12-21
483,69481da2-7cbe-f12c-5312-0a3fca94fa35,301,0.5,1.5,1.1,2025-12-21 16:18:50.333537,0,2025-12-21 16:23:45.556980,2025-12-21
484,69481db0-f109-5cc3-dbea-a03f6af12c2d,22,0.2,0.7,2.5,2025-12-21 16:18:54.286192,1,2025-12-21 16:26:52.636712,2025-12-21
485,69481d47-e1fa-4489-4240-64bb00222b79,244,0.5,0.5,0.7,2025-12-21 16:19:11.164990,1,2025-12-21 16:32:49.690928,2025-12-21
486,69481dcf-191e-d497-0c81-b9b26045c2e0,68,0.2,1.7,0.7,2025-12-21 16:19:34.013416,1,2025-12-21 16:29:35.887318,2025-12-21
487,69481dc6-4054-853c-bb62-b24d48fcf14a,78,0.2,1.9,0.5,2025-12-21 16:19:35.645494,0,2025-12-21 16:19:35.645494,2025-12-21
488,69481dba-9b19-75a8-ae19-4b32394c4692,162,0.35,1.1,1.9,2025-12-21 16:19:37.268916,0,,2025-12-21
489,69481da8-49a8-33de-3080-c4c1b8dbb5aa,291,0.5,1.3,1.3,2025-12-21 16:19:46.066660,0,2025-12-21 16:22:27.816612,2025-12-21
490,69481ddd-12c4-2c4d-dca4-edad5ef8b875,277,0.5,1.1,0.7,2025-12-21 16:19:48.442671,0,2025-12-21 16:19:48.442671,2025-12-21
491,69481dfa-acb8-9e1c-f2ef-8f987a3d07d9,120,0.2,2.5,2.3,2025-12-21 16:20:03.216886,1,2025-12-21 16:31:06.185311,2025-12-21
492,69481de5-88fa-8ce0-8f04-cb15f8d04be7,118,0.2,2.5,1.9,2025-12-21 16:20:07.577425,1,2025-12-21 16:32:26.080778,2025-12-21
493,69481d82-f4fe-de38-3b96-fa3a49051b68,28,0.2,0.9,1.5,2025-12-21 16:20:14.203873,0,,2025-12-21
494,69481e05-001e-4c68-6146-a81572a235ae,71,0.2,1.7,1.3,2025-12-21 16:20:16.243282,0,2025-12-21 16:20:16.243282,2025-12-21
495,69481de6-b299-4224-b9c7-65758da39a23,300,0.5,1.5,0.9,2025-12-21 16:20:18.423095,1,2025-12-21 16:46:07.611195,2025-12-21
496,69481dc8-34bf-1f81-ed05-016441a98e0d,284,0.5,1.1,2.1,2025-12-21 16:20:20.104680,0,2025-12-21 16:20:20.104680,2025-12-21
497,69481e16-3cc5-cbba-a873-a5d0c1342bf6,43,0.2,1.1,2.3,2025-12-21 16:20:34.718502,1,2025-12-21 16:31:22.675756,2025-12-21
498,69481e28-2f74-c494-4e36-0bf87e66dc09,339,0.5,2.1,2.1,2025-12-21 16:20:43.298762,1,2025-12-21 16:29:43.622224,2025-12-21
499,69481dee-d1d5-fd58-92c9-00d088b150a2,354,0.5,2.5,0.7,2025-12-21 16:20:44.536806,1,2025-12-21 16:41:54.972161,2025-12-21
500,69481e2e-576e-21e7-cd64-306f38d68978,161,0.35,1.1,1.7,2025-12-21 16:20:46.578563,0,2025-12-21 16:22:04.908580,2025-12-21
501,69481e27-3b76-2d1c-8915-d1404cb46f90,255,0.5,0.7,0.7,2025-12-21 16:20:52.496400,1,2025-12-21 16:33:59.146879,2025-12-21
502,69481e24-437a-ebdf-ddab-b866642d2dd3,58,0.2,1.5,0.9,2025-12-21 16:20:57.134866,1,2025-12-21 16:32:36.974748,2025-12-21
503,69481e4e-e2dd-0423-53f5-cbb88eb2ceee,174,0.35,1.3,2.1,2025-12-21 16:21:12.450748,0,2025-12-21 16:22:16.437476,2025-12-21
504,69481e4a-f63a-1163-c7fd-77666382f3b9,61,0.2,1.5,1.5,2025-12-21 16:21:16.939053,0,2025-12-21 16:21:16.939053,2025-12-21
505,69481e57-c473-430b-3231-21ea68089507,242,0.35,2.5,2.5,2025-12-21 16:21:37.199764,1,2025-12-21 16:38:47.977452,2025-12-21
506,69481dec-9b91-1040-2de3-3ca6a046281c,350,0.5,2.3,2.1,2025-12-21 16:21:39.956092,1,2025-12-21 17:09:57.986007,2025-12-21
507,69481dd0-3a28-132f-a552-2a2e6c8717a7,328,0.5,1.9,2.1,2025-12-21 16:21:52.476012,1,2025-12-21 16:43:41.972319,2025-12-21
508,69481e76-6ab6-3baa-abe5-d4862d7d6cc7,102,0.2,2.3,0.9,2025-12-21 16:22:15.737478,1,2025-12-21 16:40:18.361496,2025-12-21
509,69481e7d-04c9-1c78-0842-6531dde56576,48,0.2,1.3,1.1,2025-12-21 16:22:17.727260,1,2025-12-21 16:32:39.602129,2025-12-21
510,69481e8d-d1c7-68c7-d3b4-0a5bb351b072,42,0.2,1.1,2.1,2025-12-21 16:22:27.836750,1,2025-12-21 16:30:13.914794,2025-12-21
511,69481de6-45b7-6bb6-3e51-f55ce2c3ce45,249,0.5,0.5,1.7,2025-12-21 16:22:39.881780,1,2025-12-21 16:40:19.466118,2025-12-21
512,69481e9c-beff-1b66-3767-44dbf5989314,199,0.35,1.9,0.5,2025-12-21 16:23:40.485436,0,2025-12-21 16:23:40.485436,2025-12-21
513,69481ef0-16fa-eab5-9cc9-85a78c49cda0,269,0.5,0.9,1.3,2025-12-21 16:23:55.832735,1,2025-12-21 16:31:58.741132,2025-12-21
514,69481ee4-dee3-74fc-7de6-1ac8e667d21e,16,0.2,0.7,1.3,2025-12-21 16:24:10.528925,1,2025-12-21 16:40:27.942649,2025-12-21
515,69481ef6-07e7-ab7a-7206-2418afbd46e8,64,0.2,1.5,2.1,2025-12-21 16:24:12.868999,0,,2025-12-21
516,69481ef5-287d-3a28-10a6-7b9874ac7e42,261,0.5,0.7,1.9,2025-12-21 16:24:18.715298,1,2025-12-21 16:39:38.821548,2025-12-21
517,69481f06-7b7a-b88d-cc17-12371763e958,328,0.5,1.9,2.1,2025-12-21 16:24:31.812818,0,,2025-12-21
518,69481f03-87f9-636e-774e-59c2c348bf12,50,0.2,1.3,1.5,2025-12-21 16:24:34.925833,1,2025-12-21 16:32:54.914582,2025-12-21
519,69481ef5-fe27-b12a-7dc4-d1d9194e404e,246,0.5,0.5,1.1,2025-12-21 16:24:38.568004,1,2025-12-21 16:38:22.837855,2025-12-21
520,69481f0e-6424-935c-640b-a61c915e6ab3,108,0.2,2.3,2.1,2025-12-21 16:25:37.952727,1,2025-12-21 16:38:11.577607,2025-12-21
521,69481f6c-d5b0-7008-7e3f-50a0cb3feb12,313,0.5,1.7,1.3,2025-12-21 16:26:17.731118,0,,2025-12-21
522,69481f87-61c6-b120-5cb8-76c414a44553,288,0.5,1.3,0.7,2025-12-21 16:26:29.339745,1,2025-12-21 16:39:15.793654,2025-12-21
523,69481f87-553c-35fb-6094-44919f872915,152,0.35,0.9,2.1,2025-12-21 16:26:41.566474,0,2025-12-21 16:27:56.873105,2025-12-21
524,69481faf-f6dc-d12b-53f2-86b82d498819,159,0.35,1.1,1.3,2025-12-21 16:27:47.743013,0,2025-12-21 16:32:26.225493,2025-12-21
525,69481fdd-db4b-d353-b94d-87a169d091fe,122,0.35,0.5,0.5,2025-12-21 16:27:54.856025,1,2025-12-21 16:39:55.975151,2025-12-21
526,69481fe6-e2ca-4095-bd52-559d4870e6b8,46,0.2,1.3,0.7,2025-12-21 16:28:09.408356,1,2025-12-21 16:40:31.425661,2025-12-21
527,69481ffa-20e1-cb81-dd6a-c3b8edd208a3,303,0.5,1.5,1.5,2025-12-21 16:28:30.338396,1,2025-12-21 16:40:13.710183,2025-12-21
528,69481ffd-88bb-e4c3-976f-e254e61876cc,235,0.35,2.5,1.1,2025-12-21 16:28:32.368515,1,2025-12-21 16:44:38.952911,2025-12-21
529,6948200a-7b85-fbcf-cd20-686a5f9846eb,294,0.5,1.3,1.9,2025-12-21 16:28:38.255754,1,2025-12-21 16:38:43.164144,2025-12-21
530,69481ff6-25ab-dab9-d791-78abcfc018e4,64,0.2,1.5,2.1,2025-12-21 16:28:41.914256,0,,2025-12-21
531,69482002-c5a5-462f-b4c1-d36963458fd5,254,0.5,0.7,0.5,2025-12-21 16:28:45.162249,1,2025-12-21 16:45:46.533610,2025-12-21
532,69481ff3-375c-5418-fc5c-beb62547bf7d,189,0.35,1.7,0.7,2025-12-21 16:28:47.279645,0,2025-12-21 16:36:43.858706,2025-12-21
533,69481ffd-6c28-ba5e-e662-a01aeeba9d54,147,0.35,0.9,1.1,2025-12-21 16:29:01.750536,1,2025-12-21 16:46:53.224737,2025-12-21
534,69481ff1-f2f2-b992-47d5-2b64cd79da47,280,0.5,1.1,1.3,2025-12-21 16:29:33.618676,1,2025-12-21 16:40:49.230924,2025-12-21
535,69482018-193c-2a4e-b82f-7346582febea,313,0.5,1.7,1.3,2025-12-21 16:29:39.039871,0,,2025-12-21
536,69481fb8-29b6-2844-4cfa-4be1f6069f85,225,0.35,2.3,1.3,2025-12-21 16:29:48.011977,1,2025-12-21 16:54:39.089287,2025-12-21
537,69482029-4e03-1ca9-7758-11877aca9646,348,0.5,2.3,1.7,2025-12-21 16:30:52.532581,0,2025-12-21 16:32:13.035999,2025-12-21
538,6948205b-8d18-161e-bdd4-bc9d88bad26b,306,0.5,1.5,2.1,2025-12-21 16:31:00.568739,0,2025-12-21 16:31:00.568739,2025-12-21
539,694820b0-b0b7-1187-b6a7-d7c2f91bd2b9,175,0.35,1.3,2.3,2025-12-21 16:32:20.523914,1,2025-12-21 16:56:38.387151,2025-12-21
540,694820ea-404d-30e8-94c7-2939ffe48745,179,0.35,1.5,0.9,2025-12-21 16:32:28.527286,0,2025-12-21 16:33:23.138366,2025-12-21
541,694820f9-f6fe-07a2-45ac-f43454498d3d,185,0.35,1.5,2.1,2025-12-21 16:32:45.120652,0,2025-12-21 16:32:45.120652,2025-12-21
542,694820fa-7cb9-78cf-da18-67501aabe140,223,0.35,2.3,0.9,2025-12-21 16:33:00.008549,0,2025-12-21 16:34:20.535275,2025-12-21
543,6948211a-8077-8904-8ca8-f95c94b4379e,158,0.35,1.1,1.1,2025-12-21 16:33:05.866567,0,2025-12-21 16:34:11.992574,2025-12-21
544,69482105-f7ba-3db2-944b-87b650b3daa3,93,0.2,2.1,1.3,2025-12-21 16:33:20.255443,1,2025-12-21 16:47:32.401134,2025-12-21
545,69482101-9efd-5de2-2abb-974c8da012d3,206,0.35,1.9,1.9,2025-12-21 16:33:23.737843,0,2025-12-21 16:33:23.737843,2025-12-21
546,69482120-ed63-b95d-4751-a1f17218079b,295,0.5,1.3,2.1,2025-12-21 16:33:37.145744,0,2025-12-21 16:33:37.145744,2025-12-21
547,69482118-714c-1c8f-a405-fa2da663c899,186,0.35,1.5,2.3,2025-12-21 16:33:38.418410,0,2025-12-21 16:33:38.418410,2025-12-21
548,6948212f-278f-5af6-b3bd-516a3dacbfaf,173,0.35,1.3,1.9,2025-12-21 16:33:45.801623,0,,2025-12-21
549,69482121-e80c-dc9e-9fb3-0eb4602f3d4c,20,0.2,0.7,2.1,2025-12-21 16:33:47.739431,0,2025-12-21 16:33:47.739431,2025-12-21
550,6948210b-4e0b-033a-4bb1-486b41164ca5,168,0.35,1.3,0.9,2025-12-21 16:33:51.932180,0,,2025-12-21
551,69482116-7ecc-646d-b06c-98f2582844ee,18,0.2,0.7,1.7,2025-12-21 16:33:54.928437,0,2025-12-21 16:33:54.928437,2025-12-21
552,69482120-5918-e262-2e74-1b99f818f4b6,271,0.5,0.9,1.7,2025-12-21 16:33:58.007321,0,,2025-12-21
553,6948212f-d6b3-4cfe-dc91-6e06a40b270c,333,0.5,2.1,0.9,2025-12-21 16:34:12.782876,0,2025-12-21 16:34:12.782876,2025-12-21
554,69482148-18e8-5059-a36f-71a2d46392a0,115,0.2,2.5,1.3,2025-12-21 16:34:15.344269,0,2025-12-21 16:34:15.344269,2025-12-21
555,69482153-fac6-23c1-4621-e93e94687c40,66,0.2,1.5,2.5,2025-12-21 16:34:20.558456,0,,2025-12-21
556,69482109-076e-610e-55db-9ab5064d371f,105,0.2,2.3,1.5,2025-12-21 16:34:24.451508,0,,2025-12-21
557,69482158-7e0f-2b27-1629-22b118a278eb,139,0.35,0.7,1.7,2025-12-21 16:34:27.677003,0,2025-12-21 16:34:27.677003,2025-12-21
558,69482154-f0c7-cc58-cf43-a87102578372,251,0.5,0.5,2.1,2025-12-21 16:34:31.766121,0,,2025-12-21
559,6948214f-8916-a254-579c-d35cfee87e78,320,0.5,1.9,0.5,2025-12-21 16:34:40.348681,0,,2025-12-21
560,69482155-a0a7-7e9c-4878-b61ce81926cc,113,0.2,2.5,0.9,2025-12-21 16:34:42.768458,0,2025-12-21 16:34:42.768458,2025-12-21
561,6948213a-1730-ae02-ac02-6edc19a0662b,139,0.35,0.7,1.7,2025-12-21 16:34:44.922908,0,2025-12-21 16:34:44.922908,2025-12-21
562,69482135-62e4-e71e-5610-516da0eb6518,260,0.5,0.7,1.7,2025-12-21 16:34:48.955045,0,,2025-12-21
563,6948214f-2079-6311-e811-d636a75c372f,47,0.2,1.3,0.9,2025-12-21 16:34:52.636124,1,2025-12-21 16:51:12.602707,2025-12-21
564,69482197-164a-e61c-2bc7-dd9d5bc5ac49,8,0.2,0.5,1.9,2025-12-21 16:36:06.716266,0,2025-12-21 16:36:24.594347,2025-12-21
565,694821be-1659-9aab-0af6-cfdb3ddf4f60,318,0.5,1.7,2.3,2025-12-21 16:36:09.811822,1,2025-12-21 16:46:33.023665,2025-12-21
566,69482207-0f50-6551-6cec-d24267f4787d,143,0.35,0.7,2.5,2025-12-21 16:37:52.322405,1,2025-12-21 18:21:14.919574,2025-12-21
567,69482242-7a2c-2979-8780-f7b5b17aef16,10,0.2,0.5,2.3,2025-12-21 16:37:55.873726,1,2025-12-21 16:46:04.617391,2025-12-21
568,69482243-cfef-7375-0d07-02e5dfa6bbca,327,0.5,1.9,1.9,2025-12-21 16:37:58.175567,1,2025-12-21 16:47:08.551039,2025-12-21
569,694822af-59b4-a527-05b0-d885d4a9266c,12,0.2,0.7,0.5,2025-12-21 16:40:00.100643,1,2025-12-21 16:55:20.260023,2025-12-21
570,694822ba-3f23-6fea-bd2f-cf3526a34935,335,0.5,2.1,1.3,2025-12-21 16:40:06.787654,1,2025-12-21 16:57:07.994002,2025-12-21
571,6948228e-702a-8953-654d-dbf5c18bc7ef,270,0.5,0.9,1.5,2025-12-21 16:40:21.148964,0,2025-12-21 16:40:21.148964,2025-12-21
572,694822ae-7df3-ab00-6aa2-3f9f3ef41a09,272,0.5,0.9,1.9,2025-12-21 16:40:25.428027,1,2025-12-21 16:56:17.187168,2025-12-21
573,694822b8-4c6a-26ea-bf49-9866fbb220a4,310,0.5,1.7,0.7,2025-12-21 16:40:40.981266,1,2025-12-21 16:48:52.296733,2025-12-21
574,694822cf-49fa-1e84-d4a6-7e795a93b237,130,0.35,0.5,2.1,2025-12-21 16:40:46.872758,1,2025-12-21 16:57:19.179690,2025-12-21
575,694822c4-f1d4-22f9-7dbb-42bf871ca44a,64,0.2,1.5,2.1,2025-12-21 16:40:57.919555,1,2025-12-21 16:50:55.820748,2025-12-21
576,694822bb-59f2-c15f-a272-adde9ab309af,59,0.2,1.5,1.1,2025-12-21 16:41:14.477441,0,2025-12-21 16:41:14.477441,2025-12-21
577,694822a3-cfa2-86bc-eb81-c701a0148abb,26,0.2,0.9,1.1,2025-12-21 16:41:22.470398,0,2025-12-21 16:41:22.470398,2025-12-21
578,694822af-e8c5-9798-9f6b-a4d3ef3485d4,133,0.35,0.7,0.5,2025-12-21 16:41:25.138170,0,,2025-12-21
579,test_20251221_164126_436539,231,0.35,2.3,2.5,2025-12-21 16:41:28.558131,0,2025-12-21 16:41:28.558131,2025-12-21
580,694822ce-c295-ec35-ed89-e60264b64eca,329,0.5,1.9,2.3,2025-12-21 16:41:31.757580,0,2025-12-21 16:41:31.757580,2025-12-21
581,6948230b-0368-3654-f7fe-2dbbc25bf827,359,0.5,2.5,1.7,2025-12-21 16:41:34.469015,0,2025-12-21 16:41:34.469015,2025-12-21
582,694822e1-0c3b-cf8b-14c1-2751629921a6,7,0.2,0.5,1.7,2025-12-21 16:41:39.932198,0,2025-12-21 16:41:39.932198,2025-12-21
583,694822ac-7b7b-725e-8bbd-510bf795b4f8,327,0.5,1.9,1.9,2025-12-21 16:41:42.532310,0,,2025-12-21
584,69482308-6ded-78ca-66a5-9dda5e413965,331,0.5,2.1,0.5,2025-12-21 16:42:12.163263,0,2025-12-21 16:42:12.163263,2025-12-21
585,6948232d-5b06-3923-fbfe-ccd8dd5f4d3c,349,0.5,2.3,1.9,2025-12-21 16:42:19.295791,0,2025-12-21 16:42:19.295791,2025-12-21
586,694822d4-de8f-e695-1851-cefa20a89538,49,0.2,1.3,1.3,2025-12-21 16:42:26.937940,0,,2025-12-21
587,69482336-c5b3-5225-b0c5-60695a226162,247,0.5,0.5,1.3,2025-12-21 16:42:36.317904,0,2025-12-21 16:42:36.317904,2025-12-21
588,694822c2-be0c-7229-e797-0526bf13c2f6,192,0.35,1.7,1.3,2025-12-21 16:42:42.169927,1,2025-12-21 16:58:47.848866,2025-12-21
589,694822f5-860c-47c4-15de-6a9ecf809fc1,36,0.2,1.1,0.9,2025-12-21 16:42:43.958560,0,2025-12-21 16:42:43.958560,2025-12-21
590,6948230c-bef6-5ef1-73ba-982bf7bea8a1,85,0.2,1.9,1.9,2025-12-21 16:42:45.319127,0,2025-12-21 16:42:45.319127,2025-12-21
591,69482342-ceda-79a5-1285-4d56eac317f3,76,0.2,1.7,2.3,2025-12-21 16:42:50.707447,0,,2025-12-21
592,694822bf-98bc-2f29-0939-6b16b45d5af5,250,0.5,0.5,1.9,2025-12-21 16:43:54.303342,1,2025-12-21 17:08:01.707084,2025-12-21
593,69482341-939e-af0b-f606-6285f2212c52,101,0.2,2.3,0.7,2025-12-21 16:43:55.580424,1,2025-12-21 16:58:34.246840,2025-12-21
594,694823d1-3287-db10-6eac-e6fe20442e78,228,0.35,2.3,1.9,2025-12-21 16:44:35.307364,1,2025-12-21 16:57:40.924125,2025-12-21
595,6948245f-f0f5-93bb-7463-350d12488aaf,344,0.5,2.3,0.9,2025-12-21 16:47:57.862759,0,2025-12-21 16:50:29.601420,2025-12-21
596,69482409-66fb-e0b0-1962-043bf513577d,227,0.35,2.3,1.7,2025-12-21 16:48:02.700804,0,2025-12-21 16:49:13.234730,2025-12-21
597,69482496-0e47-d66b-a606-7e76436ec863,148,0.35,0.9,1.3,2025-12-21 16:48:37.527378,0,,2025-12-21
598,694824ed-34f6-cbb4-210d-bb4872c18c8f,359,0.5,2.5,1.7,2025-12-21 16:49:41.760813,0,2025-12-21 16:49:41.760813,2025-12-21
599,69482517-1840-09df-4466-eeb723084d82,156,0.35,1.1,0.7,2025-12-21 16:50:16.321166,1,2025-12-21 17:03:03.771814,2025-12-21
600,69482519-3fd4-2c8b-9231-56559c67dbf9,60,0.2,1.5,1.3,2025-12-21 16:50:24.193469,0,,2025-12-21
601,69482517-ed25-eb70-f86c-6a76d2e89faa,105,0.2,2.3,1.5,2025-12-21 16:50:36.313477,0,,2025-12-21
602,6948251b-4e34-3fa5-75bc-cc2dd20310b5,17,0.2,0.7,1.5,2025-12-21 16:50:38.791559,1,2025-12-21 17:00:48.707546,2025-12-21
603,69482518-1797-b168-b4b6-f66e7b1c5236,322,0.5,1.9,0.9,2025-12-21 16:50:47.414308,0,,2025-12-21
604,6948251e-5265-3043-f689-119510f69484,224,0.35,2.3,1.1,2025-12-21 16:50:54.480845,0,2025-12-21 16:50:54.480845,2025-12-21
605,6948252f-ac6c-4670-a18b-d3d7be8fcf75,240,0.35,2.5,2.1,2025-12-21 16:50:57.060120,0,2025-12-21 16:50:57.060120,2025-12-21
606,6948251a-d99a-55f0-f31b-d5cfad2036d0,180,0.35,1.5,1.1,2025-12-21 16:50:58.977824,0,2025-12-21 16:50:58.977824,2025-12-21
607,69482525-8116-1c34-94f2-e6579150da88,138,0.35,0.7,1.5,2025-12-21 16:51:00.360055,0,,2025-12-21
608,69482531-3357-8440-fce0-7067c1ecf0e4,107,0.2,2.3,1.9,2025-12-21 16:51:02.850738,0,2025-12-21 16:51:02.850738,2025-12-21
609,69482548-3f68-6f39-9a43-5fcebe92f181,71,0.2,1.7,1.3,2025-12-21 16:51:04.293446,0,,2025-12-21
610,6948253b-39e5-9e48-39a8-302a10197e52,76,0.2,1.7,2.3,2025-12-21 16:51:09.217731,0,,2025-12-21
611,69482522-f7c0-99e6-05c4-39eece5000e9,2,0.2,0.5,0.7,2025-12-21 16:51:15.073447,0,2025-12-21 16:51:15.073447,2025-12-21
612,6948255b-94c8-0075-155c-12d85a48b97e,98,0.2,2.1,2.3,2025-12-21 16:51:16.640313,1,2025-12-21 17:02:21.959594,2025-12-21
613,6948253a-8d92-daec-8ccc-e1dbecf949fa,216,0.35,2.1,1.7,2025-12-21 16:51:18.466440,0,2025-12-21 16:51:18.466440,2025-12-21
614,69482527-b5d2-24c1-13b6-88863de7d6fd,80,0.2,1.9,0.9,2025-12-21 16:51:27.594910,0,,2025-12-21
615,69482506-9eef-4bb3-e53b-955bbb211eb8,251,0.5,0.5,2.1,2025-12-21 16:51:46.682154,0,,2025-12-21
616,69482555-ac45-319f-4d69-f8f1950c6ff7,56,0.2,1.5,0.5,2025-12-21 16:51:48.363854,0,2025-12-21 16:51:48.363854,2025-12-21
617,6948255b-7b93-a17b-7a59-0bc9acabd3b7,97,0.2,2.1,2.1,2025-12-21 16:51:49.483404,0,2025-12-21 16:51:49.483404,2025-12-21
618,69482555-41be-5f4e-8411-b28f2a1b0dba,176,0.35,1.3,2.5,2025-12-21 16:51:50.867888,0,,2025-12-21
619,69482545-f236-0144-687f-91f4cff2a619,186,0.35,1.5,2.3,2025-12-21 16:51:53.343929,0,2025-12-21 16:51:53.343929,2025-12-21
620,69482555-0fda-5f68-62ba-00de11db7dc8,341,0.5,2.1,2.5,2025-12-21 16:51:55.264977,0,2025-12-21 16:51:55.264977,2025-12-21
621,69482529-ed6a-47d4-16fa-89531da4c331,304,0.5,1.5,1.7,2025-12-21 16:52:14.333452,0,2025-12-21 16:52:14.333452,2025-12-21
622,6948252d-a0db-d6c6-f14a-49746fefe233,203,0.35,1.9,1.3,2025-12-21 16:52:25.090540,1,2025-12-21 17:11:19.248891,2025-12-21
623,69482546-ab40-2d91-3858-4073605987f6,277,0.5,1.1,0.7,2025-12-21 16:52:26.922658,0,2025-12-21 16:52:26.922658,2025-12-21
624,6948258a-29a9-806b-9b47-0658a25c0aca,23,0.2,0.9,0.5,2025-12-21 16:52:41.876332,1,2025-12-21 17:07:54.462923,2025-12-21
625,6948252c-afd3-7db6-fb01-9909caa0d0fa,341,0.5,2.1,2.5,2025-12-21 16:52:44.953803,0,2025-12-21 16:52:44.953803,2025-12-21
626,69482590-813a-29b6-48f2-2cefbf87454a,8,0.2,0.5,1.9,2025-12-21 16:52:53.874453,0,,2025-12-21
627,6948254c-5381-101b-7385-e48f95fa0cf0,181,0.35,1.5,1.3,2025-12-21 16:52:55.622650,0,2025-12-21 16:52:55.622650,2025-12-21
628,6948259c-c000-8d91-ace5-a3026facf433,96,0.2,2.1,1.9,2025-12-21 16:53:04.508462,0,2025-12-21 16:53:04.508462,2025-12-21
629,6948258a-5938-5500-eba0-ae9b5c006190,70,0.2,1.7,1.1,2025-12-21 16:53:15.477498,0,2025-12-21 16:53:15.477498,2025-12-21
630,6948258d-c04a-4091-5c3a-5874b48df541,116,0.2,2.5,1.5,2025-12-21 16:53:24.978936,0,2025-12-21 16:53:24.978936,2025-12-21
631,694825a0-e345-2608-8ca8-f05de858c404,210,0.35,2.1,0.5,2025-12-21 16:53:32.671433,0,,2025-12-21
632,694825c9-819f-aa6e-080b-40c14149ba09,139,0.35,0.7,1.7,2025-12-21 16:53:38.346021,0,2025-12-21 16:53:38.346021,2025-12-21
633,6948259e-2470-aa41-827a-db53ca694ae4,215,0.35,2.1,1.5,2025-12-21 16:53:41.741306,0,,2025-12-21
634,6948251e-bd03-ec56-a5d2-9d01f1ae5129,49,0.2,1.3,1.3,2025-12-21 16:53:45.521515,1,2025-12-21 17:08:48.131672,2025-12-21
635,69482532-3dc0-617d-2137-eda391f20867,91,0.2,2.1,0.9,2025-12-21 16:53:59.190707,1,2025-12-21 17:04:22.819150,2025-12-21
636,69482559-61e3-fbab-e912-16891ca650b4,135,0.35,0.7,0.9,2025-12-21 16:54:45.096410,1,2025-12-21 17:12:22.641637,2025-12-21
637,6948255a-75e4-7cda-3986-fbb9533192b3,139,0.35,0.7,1.7,2025-12-21 16:54:46.677192,0,2025-12-21 16:56:27.222691,2025-12-21
638,694826ad-0bc1-0dae-a5e6-65ebc52d0ea9,197,0.35,1.7,2.3,2025-12-21 16:57:23.504043,1,2025-12-21 17:04:31.705136,2025-12-21
639,69482b7a-bd13-977a-916c-11ba0d36bad6,321,0.5,1.9,0.7,2025-12-21 17:18:05.263462,1,2025-12-21 17:30:29.528754,2025-12-21
640,69482c34-c88b-2fb3-21d1-fae66c3b989f,55,0.2,1.3,2.5,2025-12-21 17:21:34.674972,0,2025-12-21 17:22:51.510115,2025-12-21
641,69482d83-8be9-324b-7e4f-dacefb7957ef,155,0.35,1.1,0.5,2025-12-21 17:27:05.744568,1,2025-12-22 01:04:12.775374,2025-12-21
642,69482e08-1f84-663b-e668-13d7d865a572,139,0.35,0.7,1.7,2025-12-21 17:30:27.697208,1,2025-12-21 17:39:34.042841,2025-12-21
643,69482ea8-eb9a-5bb7-3b71-12ac6b605d6f,324,0.5,1.9,1.3,2025-12-21 17:30:55.214309,0,2025-12-21 17:30:55.214309,2025-12-21
644,69482e91-2129-7429-84e2-5bdfdd44bfe7,277,0.5,1.1,0.7,2025-12-21 17:30:59.380925,1,2025-12-21 17:41:34.908021,2025-12-21
645,69482ea3-4ef4-f5be-99c0-2628d906e010,104,0.2,2.3,1.3,2025-12-21 17:31:11.176185,0,2025-12-21 17:31:19.977434,2025-12-21
646,69482e96-1335-3d20-0f6b-eddb5a94eb4a,239,0.35,2.5,1.9,2025-12-21 17:31:12.194834,1,2025-12-21 17:41:03.649492,2025-12-21
647,69482efe-6c70-d6ea-ea52-63606927ec48,211,0.35,2.1,0.7,2025-12-21 17:32:45.852713,1,2025-12-21 17:44:56.981630,2025-12-21
648,69482f0f-a69b-d5ca-55a1-a9109494b844,309,0.5,1.7,0.5,2025-12-21 17:33:06.427849,1,2025-12-21 17:43:37.905550,2025-12-21
649,69482f1c-7bd9-aa9a-6a7d-dba43b0041b7,240,0.35,2.5,2.1,2025-12-21 17:33:09.023526,0,,2025-12-21
650,69482f25-3773-f396-2f6d-732515cbecf1,247,0.5,0.5,1.3,2025-12-21 17:33:15.958551,1,2025-12-21 17:41:17.574604,2025-12-21
651,69482f19-4dc6-2e23-4df7-6fc50a71fafc,193,0.35,1.7,1.5,2025-12-21 17:33:21.695546,0,,2025-12-21
652,69482f38-303b-318f-dcd3-4b900ade955c,204,0.35,1.9,1.5,2025-12-21 17:33:35.970173,0,,2025-12-21
653,69482f0c-263a-66db-f44a-82af54e764d2,224,0.35,2.3,1.1,2025-12-21 17:33:56.386753,1,2025-12-21 17:45:29.943733,2025-12-21
654,69482efb-fe53-2b67-9aba-d8620e326d2c,317,0.5,1.7,2.1,2025-12-21 17:34:00.800800,1,2025-12-21 17:49:36.023144,2025-12-21
655,69482f68-f9c3-452d-59e5-e93e665ed21d,252,0.5,0.5,2.3,2025-12-21 17:34:24.803929,1,2025-12-21 17:42:57.802665,2025-12-21
656,69482f5f-05b6-eb3c-6be0-ed60d09d76a5,109,0.2,2.3,2.3,2025-12-21 17:34:26.060754,0,,2025-12-21
657,69482f47-2f5f-44b2-8c9e-fee432ddd823,149,0.35,0.9,1.5,2025-12-21 17:34:39.591540,1,2025-12-21 17:46:08.400937,2025-12-21
658,69482eee-dd78-a24e-ee08-c02e03304d82,200,0.35,1.9,0.7,2025-12-21 17:35:26.895487,0,,2025-12-21
659,69482ee3-e775-ad6e-8989-383ff24c5a74,7,0.2,0.5,1.7,2025-12-21 17:35:30.544914,1,2025-12-21 17:43:27.733945,2025-12-21
660,69482f85-b70a-a5ec-6267-b3c97d6fcf04,238,0.35,2.5,1.7,2025-12-21 17:35:33.765961,1,2025-12-21 17:45:54.457632,2025-12-21
661,69482f7d-8f33-bf64-e107-39e81e22381f,150,0.35,0.9,1.7,2025-12-21 17:35:34.615181,0,,2025-12-21
662,69482fbc-cca9-8924-b38e-685aebe086df,33,0.2,0.9,2.5,2025-12-21 17:35:41.503080,1,2025-12-21 17:42:35.442734,2025-12-21
663,69482fb2-f2bf-2b69-2138-f298a2052879,1,0.2,0.5,0.5,2025-12-21 17:36:03.455839,1,2025-12-21 17:52:09.919867,2025-12-21
664,69482fab-f358-6903-62cf-17edd9f20df3,206,0.35,1.9,1.9,2025-12-21 17:36:06.842203,1,2025-12-21 17:49:59.540808,2025-12-21
665,69482fc2-0d95-7b8e-fe09-13a0eed6c144,186,0.35,1.5,2.3,2025-12-21 17:36:21.216491,1,2025-12-21 17:51:59.438907,2025-12-21
666,69482fb3-0893-ab69-65ce-3640534e7c41,109,0.2,2.3,2.3,2025-12-21 17:36:26.682941,0,,2025-12-21
667,69483008-c5ea-5e8a-9923-e84d2fc88657,266,0.5,0.9,0.7,2025-12-21 17:36:37.597516,1,2025-12-21 17:42:47.613753,2025-12-21
668,69483001-d71f-49cd-f76d-4ba91bd5aa8c,213,0.35,2.1,1.1,2025-12-21 17:36:46.480249,1,2025-12-21 17:44:48.534749,2025-12-21
669,69482fcf-c695-eed1-7db6-7a4ecf28e878,15,0.2,0.7,1.1,2025-12-21 17:36:47.744762,1,2025-12-21 17:48:51.302914,2025-12-21
670,69482ff4-d45d-780a-0b52-0c675a9ea966,85,0.2,1.9,1.9,2025-12-21 17:37:08.885561,1,2025-12-21 18:04:24.131746,2025-12-21
671,69482fbe-0e42-ab1b-8e75-b810fd2f2ed9,15,0.2,0.7,1.1,2025-12-21 17:37:16.168684,1,2025-12-21 17:57:31.405876,2025-12-21
672,69483040-5d7e-f444-8069-f5bf01d61777,70,0.2,1.7,1.1,2025-12-21 17:37:34.288323,0,,2025-12-21
673,69483025-ba6f-d10b-32a8-20978161de3e,314,0.5,1.7,1.5,2025-12-21 17:37:37.678060,1,2025-12-21 17:47:27.730778,2025-12-21
674,69483002-dc2f-a17e-cede-b42b1e6c8d09,84,0.2,1.9,1.7,2025-12-21 17:37:38.712857,1,2025-12-21 17:46:37.551134,2025-12-21
675,69482fec-ea80-281d-c5ae-8f772bd16584,301,0.5,1.5,1.1,2025-12-21 17:37:59.538578,0,,2025-12-21
676,69483052-4cdb-0c35-f94b-da83860158f3,26,0.2,0.9,1.1,2025-12-21 17:38:12.095259,0,,2025-12-21
677,69483032-f22b-271c-4dba-14bd4e0ca6b2,290,0.5,1.3,1.1,2025-12-21 17:38:21.935235,0,,2025-12-21
678,6948303c-4c88-c0ec-33ab-fa37d5acc790,2,0.2,0.5,0.7,2025-12-21 17:38:26.067658,1,2025-12-21 17:47:52.395207,2025-12-21
679,69483068-cabd-0951-1402-78e64e5c02a7,40,0.2,1.1,1.7,2025-12-21 17:38:29.959598,1,2025-12-21 17:50:34.931901,2025-12-21
680,6948306b-7f82-21a3-fe18-68cba8363579,304,0.5,1.5,1.7,2025-12-21 17:38:31.070503,1,2025-12-21 17:49:38.472012,2025-12-21
681,69483053-26e2-e464-cd73-4d33a6c0b41f,216,0.35,2.1,1.7,2025-12-21 17:38:35.664569,1,2025-12-21 17:48:59.661869,2025-12-21
682,69483065-8aee-2b1f-aa69-99df2e755ed5,258,0.5,0.7,1.3,2025-12-21 17:38:38.112448,1,2025-12-21 17:46:25.159002,2025-12-21
683,69483050-5769-d217-e2ab-ddb01b1b66d8,136,0.35,0.7,1.1,2025-12-21 17:39:14.655194,1,2025-12-21 17:53:09.061164,2025-12-21
684,69483073-e7c7-c195-5c52-3f955485a26b,53,0.2,1.3,2.1,2025-12-21 17:39:47.278368,1,2025-12-21 17:58:55.386497,2025-12-21
685,69483058-936c-12cb-9d26-35067d45f59f,315,0.5,1.7,1.7,2025-12-21 17:40:22.035295,1,2025-12-21 17:54:00.402818,2025-12-21
686,694830da-0964-a61e-c431-87a4706b3df9,358,0.5,2.5,1.5,2025-12-21 17:40:39.565245,0,,2025-12-21
687,694830a2-35c6-70fd-fe0a-59d07955c540,232,0.35,2.5,0.5,2025-12-21 17:40:43.943095,0,2025-12-21 17:40:56.111583,2025-12-21
688,694830b1-85bf-28c1-98b8-d51549b061cf,107,0.2,2.3,1.9,2025-12-21 17:40:59.228892,0,,2025-12-21
689,694830d4-c72e-fe8c-a155-98e725e0ae04,200,0.35,1.9,0.7,2025-12-21 17:41:08.423905,0,,2025-12-21
690,694830c2-680b-cbad-c940-512118366f74,129,0.35,0.5,1.9,2025-12-21 17:41:19.993025,1,2025-12-21 17:56:52.961947,2025-12-21
691,69483109-f9eb-b743-a5ad-1bcd3ae8f103,240,0.35,2.5,2.1,2025-12-21 17:41:57.625484,1,2025-12-21 18:09:48.990783,2025-12-21
692,69483129-86af-b94f-e605-66cb3e7225a2,144,0.35,0.9,0.5,2025-12-21 17:42:19.084395,1,2025-12-21 17:51:18.148362,2025-12-21
693,6948315a-6aea-a526-e764-39cb69a85f98,273,0.5,0.9,2.1,2025-12-21 17:43:01.762315,1,2025-12-21 17:55:16.116762,2025-12-21
694,69483186-52ea-9e89-db77-8a45ce88fea9,73,0.2,1.7,1.7,2025-12-21 17:43:25.699550,1,2025-12-21 17:52:45.368199,2025-12-21
695,694831a4-202e-011a-6118-516344e4729f,358,0.5,2.5,1.5,2025-12-21 17:43:40.309838,1,2025-12-21 17:58:33.283361,2025-12-21
696,694831ae-4114-b35a-7b62-80a85c7862e2,45,0.2,1.3,0.5,2025-12-21 17:43:57.701845,1,2025-12-21 17:50:53.803094,2025-12-21
697,694831bc-a456-94e8-8436-df9800aa95ef,301,0.5,1.5,1.1,2025-12-21 17:44:03.707360,1,2025-12-21 17:55:20.364054,2025-12-21
698,694831ce-1677-5cae-24e2-1cd4b3f3412a,107,0.2,2.3,1.9,2025-12-21 17:44:09.486322,0,,2025-12-21
699,69483174-97a6-d037-8318-3c0088237954,264,0.5,0.7,2.5,2025-12-21 17:44:24.240441,1,2025-12-21 17:56:09.682228,2025-12-21
700,694831c8-c3c5-87b8-fdc8-d394bc338591,6,0.2,0.5,1.5,2025-12-21 17:44:52.578830,1,2025-12-21 17:52:11.700449,2025-12-21
701,694831c0-7736-a652-0ae6-73d7f71037df,219,0.35,2.1,2.3,2025-12-21 17:44:53.579380,0,2025-12-21 17:46:21.459157,2025-12-21
702,694831ca-885a-88dc-cd2f-34db00c80600,333,0.5,2.1,0.9,2025-12-21 17:45:43.799002,1,2025-12-21 18:01:49.366006,2025-12-21
703,69483210-65f3-e35f-ea89-25eb0ef53e9e,359,0.5,2.5,1.7,2025-12-21 17:45:58.654847,1,2025-12-21 17:55:02.110662,2025-12-21
704,69483225-ea2c-8294-3f2a-1a944944cdd5,181,0.35,1.5,1.3,2025-12-21 17:46:51.957428,0,,2025-12-21
705,69483238-4486-0ae4-491f-1638c53af44d,144,0.35,0.9,0.5,2025-12-21 17:46:55.454210,1,2025-12-21 18:11:59.191580,2025-12-21
706,69483271-3227-6526-0e08-4d9de6152593,126,0.35,0.5,1.3,2025-12-21 17:47:17.523344,0,,2025-12-21
707,69483234-8d30-51aa-cf8d-81aa23e1dc9c,189,0.35,1.7,0.7,2025-12-21 17:47:21.101595,1,2025-12-21 18:03:02.130403,2025-12-21
708,69483275-c93a-8266-bc60-dea4e357c2c9,325,0.5,1.9,1.5,2025-12-21 17:47:24.146721,1,2025-12-21 18:01:09.171057,2025-12-21
709,69483255-9c3c-ae2a-0f5b-e5d73a9d5edf,306,0.5,1.5,2.1,2025-12-21 17:47:27.489803,0,,2025-12-21
710,69483253-4724-204a-cc7c-a9ca3903746b,362,0.5,2.5,2.3,2025-12-21 17:47:30.262494,1,2025-12-21 17:59:24.128945,2025-12-21
711,694831b5-10f9-ea72-a2a9-2e2007d54224,188,0.35,1.7,0.5,2025-12-21 17:47:31.870185,0,2025-12-21 17:50:19.916139,2025-12-21
712,69483243-995c-56e9-9185-af5fc03326da,301,0.5,1.5,1.1,2025-12-21 17:47:43.390591,1,2025-12-21 17:59:55.309782,2025-12-21
713,69483298-6dbf-e7c6-2910-949bd4168032,27,0.2,0.9,1.3,2025-12-21 17:47:49.828874,1,2025-12-21 17:55:48.476608,2025-12-21
714,694832b1-dbd8-20ce-4e73-36598f6f59c3,198,0.35,1.7,2.5,2025-12-21 17:48:08.843323,1,2025-12-21 17:56:24.400686,2025-12-21
715,69483290-d640-0b43-f966-b9b08c54839e,329,0.5,1.9,2.3,2025-12-21 17:48:14.787755,1,2025-12-21 18:00:12.374656,2025-12-21
716,694832ad-3ab1-bdea-1406-96c3d05051f0,284,0.5,1.1,2.1,2025-12-21 17:48:29.445973,1,2025-12-21 17:58:57.662419,2025-12-21
717,6948329e-42cd-1c9e-5687-c782b1375204,112,0.2,2.5,0.7,2025-12-21 17:48:31.702266,1,2025-12-21 17:57:13.073718,2025-12-21
718,694831c7-eedc-b2cf-e59a-de00a6aafa66,240,0.35,2.5,2.1,2025-12-21 17:49:19.758352,1,2025-12-21 18:18:14.763682,2025-12-21
719,69483111-693e-2af8-9a2c-6246003b0c57,341,0.5,2.1,2.5,2025-12-21 17:49:22.178519,1,2025-12-21 18:04:25.642135,2025-12-21
720,694832ac-0e9d-4214-d867-e598c9549d94,202,0.35,1.9,1.1,2025-12-21 17:49:42.325750,1,2025-12-21 18:05:39.313303,2025-12-21
721,694832b4-a417-81d2-f7b5-f71bca662ed8,18,0.2,0.7,1.7,2025-12-21 17:49:52.087523,1,2025-12-21 18:06:17.717148,2025-12-21
722,694832b1-72bf-1ae3-0549-057064ddc101,180,0.35,1.5,1.1,2025-12-21 17:49:55.364672,0,,2025-12-21
723,69483368-72b4-238c-805e-963c63e8048a,343,0.5,2.3,0.7,2025-12-21 17:51:20.360311,1,2025-12-21 18:01:06.996937,2025-12-21
724,694833ad-03fc-b38a-0894-adbcf6f5b36e,185,0.35,1.5,2.1,2025-12-21 17:52:27.800265,1,2025-12-21 18:02:29.256197,2025-12-21
725,694833a3-62ee-0ad2-cf4c-959ba6110ff6,323,0.5,1.9,1.1,2025-12-21 17:52:33.503344,0,2025-12-21 17:52:33.503344,2025-12-21
726,694833b3-6fc7-feb4-6f64-8ade9ba8bcff,96,0.2,2.1,1.9,2025-12-21 17:52:34.880558,0,,2025-12-21
727,69483397-ad41-10ef-313f-f437912303a9,59,0.2,1.5,1.1,2025-12-21 17:52:37.520484,0,,2025-12-21
728,694833ac-6a05-2c3f-5546-40065e0bac5d,274,0.5,0.9,2.3,2025-12-21 17:52:48.785766,0,,2025-12-21
729,69483338-ffee-b7c9-4e69-d5c713cd8ef4,307,0.5,1.5,2.3,2025-12-21 17:52:51.430557,1,2025-12-21 18:05:38.848033,2025-12-21
730,6948339b-d8af-6009-e687-e29aef667f3c,329,0.5,1.9,2.3,2025-12-21 17:52:58.674224,1,2025-12-21 18:03:22.535227,2025-12-21
731,694833d1-f4b4-f476-41cd-a26bf92a0b48,37,0.2,1.1,1.1,2025-12-21 17:53:04.424922,1,2025-12-21 18:00:18.366766,2025-12-21
732,694833dc-066b-2b29-5441-bba8efab1b62,99,0.2,2.1,2.5,2025-12-21 17:53:14.614194,0,,2025-12-21
733,694833e8-fcaa-7b3e-2fe3-bb17ac355eb1,36,0.2,1.1,0.9,2025-12-21 17:53:16.715357,1,2025-12-21 17:59:52.976911,2025-12-21
734,694833d5-1b51-45a6-f361-2f6304a7627f,341,0.5,2.1,2.5,2025-12-21 17:53:20.759280,1,2025-12-21 18:03:06.195195,2025-12-21
735,694833a8-7b2a-3b80-3bc8-ec1aff7a8253,286,0.5,1.1,2.5,2025-12-21 17:53:27.722282,0,2025-12-21 17:55:47.257101,2025-12-21
736,694833b4-cf47-060c-efe2-2411917d8776,329,0.5,1.9,2.3,2025-12-21 17:53:29.101297,1,2025-12-21 18:03:26.189443,2025-12-21
737,694833ce-52a6-7ab5-acdb-aab4e0daa367,81,0.2,1.9,1.1,2025-12-21 17:53:36.320338,1,2025-12-21 18:03:04.302132,2025-12-21
738,694833e0-ca4e-3692-992e-913e5a4a4299,131,0.35,0.5,2.3,2025-12-21 17:53:39.656775,1,2025-12-21 18:03:01.261600,2025-12-21
739,694833d4-904f-1603-c4c2-f38cda4914f6,142,0.35,0.7,2.3,2025-12-21 17:53:48.460377,1,2025-12-21 18:08:15.833286,2025-12-21
740,694833e1-f0cf-bcc7-5378-81cbbc431202,334,0.5,2.1,1.1,2025-12-21 17:53:52.441577,0,,2025-12-21
741,6948340e-a68c-b4a8-591f-825a968fcbcf,223,0.35,2.3,0.9,2025-12-21 17:54:09.769319,1,2025-12-21 18:04:22.518645,2025-12-21
742,69483403-0722-0308-a9a7-920f112f454f,56,0.2,1.5,0.5,2025-12-21 17:54:19.951904,1,2025-12-21 18:04:41.638618,2025-12-21
743,694833ff-405d-4b08-a1b9-c68c6fb87108,190,0.35,1.7,0.9,2025-12-21 17:54:33.453299,1,2025-12-21 18:06:14.962470,2025-12-21
744,69483401-2bd0-5afe-7e5e-5198a1f59a9c,86,0.2,1.9,2.1,2025-12-21 17:54:35.920859,1,2025-12-21 18:06:29.247173,2025-12-21
745,694833fb-e5f7-1edf-b116-be49575d1ed2,178,0.35,1.5,0.7,2025-12-21 17:54:55.509182,1,2025-12-21 18:06:20.734829,2025-12-21
746,694833d5-222c-a3b9-4f25-fefcda1f9a9b,34,0.2,1.1,0.5,2025-12-21 17:55:06.065755,0,,2025-12-21
747,69483444-78a6-f5a9-6e89-f68bd6dbd277,174,0.35,1.3,2.1,2025-12-21 17:55:36.875030,1,2025-12-21 18:04:02.031559,2025-12-21
748,69483402-cd06-6081-59aa-d699012a437b,346,0.5,2.3,1.3,2025-12-21 17:56:18.685356,1,2025-12-21 19:21:20.811030,2025-12-21
749,694833ef-cab0-3f6c-4694-83c80a22e34a,55,0.2,1.3,2.5,2025-12-21 17:56:46.513574,1,2025-12-21 18:06:17.257994,2025-12-21
750,69483402-f685-dcca-3dc8-d8088a8132a8,32,0.2,0.9,2.3,2025-12-21 17:57:07.165858,1,2025-12-21 18:04:18.337304,2025-12-21
751,69483500-934f-ddea-919b-96ca5663c910,296,0.5,1.3,2.3,2025-12-21 17:58:02.534196,0,2025-12-21 17:58:02.534196,2025-12-21
752,694834ec-1a1e-0cd3-928d-e1abdc68e488,185,0.35,1.5,2.1,2025-12-21 17:58:36.141897,1,2025-12-21 18:11:26.876225,2025-12-21
753,6948350b-56ed-0c00-a5fa-9bf5e0046d99,344,0.5,2.3,0.9,2025-12-21 17:58:37.656172,0,,2025-12-21
754,69483513-98fb-ec72-6202-b8a6535244d9,200,0.35,1.9,0.7,2025-12-21 17:59:01.386248,1,2025-12-21 18:07:23.611444,2025-12-21
755,69483508-3528-868e-4fc7-4392e13a21e3,214,0.35,2.1,1.3,2025-12-21 17:59:50.522186,1,2025-12-21 18:10:38.760440,2025-12-21
756,test_20251222_092853_1ccab9,256,0.5,0.7,0.9,2025-12-22 09:28:56.377572,0,,2025-12-22
