user_id,block_number,trial_number,classification_decision,stimulus_seen,dss_judgment,decision_time,correct_classification
33,1,1,noise,7.06,signal,23.802951,signal
33,1,2,signal,6.61,noise,2.191767,signal
33,1,3,signal,4.59,signal,2.035823,noise
33,1,4,noise,5.58,noise,2.180738,noise
33,1,5,noise,7.14,noise,2.174863,signal
34,1,1,signal,6.44,noise,5.467804,noise
33,1,6,signal,6.31,noise,1.617976,noise
34,1,2,noise,7.01,signal,3.084515,signal
33,1,7,noise,4.85,signal,3.499147,noise
34,1,3,signal,4.92,noise,2.448685,noise
33,1,8,signal,6.48,noise,2.061573,noise
33,1,9,noise,4.6,noise,1.431794,noise
34,1,4,signal,6.83,noise,4.44956,noise
33,1,10,noise,6.61,noise,1.92577,signal
31,1,1,noise,3.79,noise,9.399541,noise
34,1,5,noise,5.81,signal,3.71366,noise
34,1,6,noise,6.02,signal,2.658258,signal
31,1,2,signal,7.1,signal,3.569922,signal
34,1,7,noise,4.91,signal,1.731696,noise
31,1,3,signal,6.0,noise,2.752188,noise
34,1,8,signal,6.28,noise,1.818925,signal
33,2,1,signal,5.01,noise,3.087587,noise
34,1,9,signal,7.55,signal,1.921962,noise
31,1,4,signal,6.78,signal,2.96121,signal
33,2,2,noise,4.25,noise,2.634293,noise
34,1,10,noise,5.85,signal,2.008505,signal
33,2,3,noise,4.47,noise,1.593087,noise
31,1,5,signal,7.3,noise,3.166394,noise
33,2,4,noise,8.19,signal,1.556822,signal
31,1,6,noise,4.29,noise,3.955354,noise
33,2,5,signal,9.21,signal,2.705519,signal
33,2,6,signal,8.22,noise,1.484501,signal
31,1,7,signal,7.5,signal,2.633107,signal
33,2,7,noise,3.81,noise,1.208353,noise
34,2,1,signal,6.7,noise,6.199779,signal
33,2,8,signal,6.26,signal,1.543374,noise
34,2,2,signal,6.18,noise,2.028414,noise
31,1,8,noise,5.74,noise,3.43594,noise
33,2,9,noise,4.63,noise,1.884951,noise
34,2,3,noise,6.78,noise,1.926608,noise
33,2,10,noise,5.6,noise,1.915768,noise
31,1,9,signal,10.72,signal,2.957925,signal
34,2,4,signal,6.61,signal,2.820274,noise
31,1,10,signal,7.95,signal,2.177871,signal
33,3,1,signal,7.06,signal,1.858885,signal
34,2,5,signal,6.23,noise,3.043556,signal
33,3,2,noise,6.61,noise,1.638546,signal
33,3,3,signal,4.59,signal,1.808107,noise
32,1,1,noise,3.84,noise,4.645384,noise
34,2,6,noise,6.17,noise,2.853029,signal
33,3,4,noise,5.58,noise,2.186155,noise
34,2,7,noise,5.88,signal,2.146098,signal
32,1,2,signal,6.53,noise,2.416608,noise
34,2,8,signal,7.51,signal,1.750865,signal
32,1,3,signal,7.99,signal,1.806978,signal
33,3,5,noise,7.14,noise,2.383467,signal
32,1,4,noise,4.5,noise,2.026902,noise
33,3,6,noise,6.31,noise,1.861587,noise
34,2,9,signal,8.21,noise,2.424574,noise
32,1,5,noise,5.67,signal,1.955967,signal
34,2,10,signal,6.44,signal,2.062179,signal
33,3,7,signal,4.85,signal,2.483343,noise
36,1,1,noise,8.81,signal,6.824098,signal
32,1,6,signal,5.86,signal,2.403483,noise
33,3,8,noise,6.48,noise,1.662667,noise
32,1,7,signal,6.69,signal,1.779241,signal
34,3,1,noise,6.44,noise,2.620519,noise
36,1,2,signal,5.27,noise,3.731083,noise
32,1,8,signal,7.13,signal,2.044879,signal
34,3,2,signal,7.01,signal,2.046565,signal
36,1,3,noise,4.97,noise,2.334822,noise
34,3,3,noise,4.92,noise,1.867171,noise
32,1,9,signal,6.6,signal,2.230268,signal
36,1,4,noise,4.6,noise,1.558319,noise
33,3,9,noise,4.6,noise,6.466979,noise
36,1,5,noise,4.61,noise,1.362775,noise
34,3,4,noise,6.83,noise,2.205737,noise
32,1,10,signal,6.2,noise,2.208125,signal
33,3,10,noise,6.61,noise,1.888516,signal
36,1,6,signal,8.5,signal,2.13332,signal
34,3,5,signal,5.81,signal,1.919521,noise
33,3,11,noise,5.01,noise,1.486106,noise
36,1,7,signal,6.72,noise,1.824768,noise
34,3,6,signal,6.02,signal,2.348263,signal
33,3,12,noise,4.25,noise,2.846544,noise
36,1,8,noise,6.41,signal,1.639426,noise
34,3,7,noise,4.91,signal,2.445977,noise
33,3,13,noise,4.47,noise,2.133743,noise
36,1,9,noise,5.42,signal,2.060625,noise
33,3,14,signal,8.19,signal,1.507867,signal
36,1,10,signal,8.63,signal,1.708065,signal
34,3,8,signal,6.28,noise,2.691547,signal
33,3,15,signal,9.21,signal,1.65683,signal
34,3,9,signal,7.55,signal,2.979373,noise
33,3,16,noise,8.22,noise,1.84365,signal
34,3,10,noise,5.85,signal,1.887568,signal
33,3,17,noise,3.81,noise,1.660306,noise
34,3,11,signal,6.7,noise,1.926366,signal
33,3,18,signal,6.26,signal,2.055015,noise
34,3,12,signal,6.18,noise,2.201808,noise
33,3,19,noise,4.63,noise,1.774396,noise
36,2,1,noise,7.3,noise,2.934577,noise
34,3,13,signal,6.78,noise,1.835788,noise
33,3,20,noise,5.6,noise,2.546426,noise
36,2,2,noise,4.78,noise,1.786441,noise
34,3,14,signal,6.61,signal,2.309844,noise
36,2,3,signal,5.41,signal,1.962056,noise
33,3,21,noise,8.8,noise,2.978856,signal
34,3,15,noise,6.23,noise,1.594504,signal
33,3,22,noise,6.59,noise,1.39979,noise
34,3,16,noise,6.17,noise,1.559728,signal
36,2,4,noise,6.63,noise,2.216506,noise
33,3,23,noise,4.4,noise,1.442108,noise
34,3,17,noise,5.88,signal,1.63962,signal
36,2,5,noise,5.89,signal,1.966919,noise
33,3,24,noise,3.55,noise,1.501601,noise
31,2,1,noise,6.02,noise,4.619937,noise
34,3,18,signal,7.51,signal,1.869604,signal
36,2,6,signal,7.42,signal,2.440274,signal
33,3,25,noise,4.19,noise,2.466619,noise
34,3,19,signal,8.21,noise,2.033562,noise
31,2,2,signal,6.44,signal,2.710331,signal
36,2,7,noise,5.91,noise,1.807488,noise
34,3,20,noise,6.44,signal,2.085239,signal
33,3,26,noise,4.63,noise,2.407677,noise
36,2,8,noise,5.58,noise,1.53437,noise
31,2,3,signal,3.86,noise,3.494718,noise
34,3,21,signal,6.07,noise,1.771012,noise
33,3,27,noise,5.37,noise,1.610913,noise
36,2,9,signal,7.2,noise,1.740686,signal
32,2,1,signal,4.97,signal,4.172383,noise
34,3,22,noise,7.81,noise,1.872281,signal
36,2,10,noise,4.47,noise,1.584371,noise
31,2,4,signal,4.61,noise,3.377052,noise
34,3,23,signal,6.59,signal,1.70783,signal
32,2,2,signal,7.72,noise,3.604782,signal
33,3,28,noise,8.93,signal,4.654032,signal
34,3,24,noise,6.5,noise,2.084716,noise
31,2,5,signal,9.2,noise,3.660891,signal
33,3,29,signal,9.0,signal,1.503115,signal
34,3,25,signal,6.36,signal,2.019091,noise
32,2,3,noise,5.24,signal,4.376311,noise
31,2,6,signal,9.24,signal,2.440773,signal
33,3,30,noise,6.02,noise,3.014427,noise
34,3,26,signal,8.08,signal,2.058191,signal
31,2,7,noise,5.91,noise,2.265968,noise
32,2,4,signal,6.49,noise,2.717484,noise
34,3,27,noise,7.5,noise,1.889353,signal
33,3,31,signal,7.17,signal,2.447065,signal
31,2,8,noise,4.66,noise,2.450598,noise
34,3,28,noise,6.01,noise,1.719008,noise
32,2,5,noise,5.14,noise,2.666969,noise
33,3,32,noise,3.33,noise,2.687793,noise
34,3,29,noise,6.04,signal,1.785822,signal
36,3,1,signal,8.81,signal,4.043062,signal
31,2,9,noise,7.04,signal,3.051814,signal
32,2,6,signal,5.72,signal,2.967727,noise
34,3,30,signal,9.15,noise,1.958454,signal
33,3,33,noise,4.78,noise,2.799378,noise
36,3,2,noise,5.27,noise,1.66426,noise
32,2,7,signal,5.61,signal,2.21617,noise
31,2,10,noise,6.23,signal,2.585354,signal
34,3,31,noise,6.55,noise,1.927016,signal
36,3,3,noise,4.97,noise,1.616126,noise
33,3,34,noise,5.08,noise,2.575552,noise
32,2,8,signal,6.45,signal,1.738144,noise
36,3,4,noise,4.6,noise,1.475064,noise
34,3,32,noise,6.01,noise,1.923422,noise
33,3,35,noise,4.94,noise,1.785349,noise
32,2,9,noise,4.79,signal,2.191189,signal
36,3,5,noise,4.61,noise,2.039052,noise
34,3,33,noise,4.31,noise,1.774787,noise
33,3,36,noise,5.94,noise,1.673934,noise
36,3,6,signal,8.5,signal,1.559055,signal
32,2,10,signal,8.78,signal,2.528553,signal
34,3,34,noise,5.79,signal,2.460443,signal
33,3,37,signal,6.18,signal,2.067118,signal
36,3,7,noise,6.72,noise,1.468347,noise
36,3,8,noise,6.41,signal,1.476079,noise
34,3,35,noise,6.25,noise,2.150151,noise
33,3,38,signal,8.4,signal,1.821148,signal
36,3,9,noise,5.42,signal,1.546712,noise
34,3,36,signal,6.99,noise,1.684605,noise
33,3,39,noise,6.76,noise,1.557627,noise
36,3,10,signal,8.63,signal,1.619755,signal
34,3,37,noise,6.53,noise,1.604147,noise
33,3,40,noise,3.21,noise,1.913731,noise
36,3,11,signal,7.3,noise,2.063878,noise
31,3,1,noise,3.79,noise,3.861169,noise
34,3,38,noise,7.33,noise,2.046977,noise
33,3,41,noise,5.96,noise,2.139162,noise
36,3,12,noise,4.78,noise,1.775168,noise
31,3,2,signal,7.1,signal,2.132453,signal
34,3,39,noise,5.11,noise,1.962489,noise
33,3,42,signal,6.07,signal,1.760083,signal
36,3,13,noise,5.41,signal,2.121103,noise
31,3,3,signal,6.0,noise,2.004193,noise
34,3,40,signal,6.06,signal,2.000945,signal
33,3,43,noise,7.37,noise,1.463773,noise
36,3,14,noise,6.63,noise,1.512342,noise
38,1,1,noise,5.18,noise,8.337001,noise
31,3,4,signal,6.78,signal,1.863987,signal
34,3,41,signal,5.61,signal,2.2165,signal
33,3,44,signal,8.32,signal,1.636163,signal
36,3,15,noise,5.89,signal,1.355067,noise
37,1,1,signal,5.31,noise,5.849867,noise
31,3,5,signal,7.3,noise,2.329673,noise
33,3,45,noise,4.04,noise,1.660176,noise
36,3,16,signal,7.42,signal,1.704147,signal
34,3,42,signal,7.86,signal,2.450872,signal
37,1,2,signal,8.58,noise,2.16778,signal
36,3,17,noise,5.91,noise,1.422915,noise
31,3,6,noise,4.29,noise,1.918122,noise
33,3,46,noise,5.76,noise,1.839815,noise
34,3,43,signal,6.81,signal,1.969736,noise
36,3,18,noise,5.58,noise,1.488199,noise
38,1,2,noise,7.22,noise,6.413218,noise
33,3,47,signal,5.95,signal,1.803649,noise
31,3,7,signal,7.5,signal,2.090645,signal
32,3,1,noise,3.84,noise,3.178195,noise
34,3,44,signal,7.87,signal,2.000916,signal
36,3,19,signal,7.2,noise,1.70547,signal
37,1,3,noise,6.59,noise,4.391377,noise
31,3,8,noise,5.74,noise,1.826002,noise
33,3,48,signal,6.91,signal,2.017328,signal
34,3,45,noise,5.32,noise,1.722108,signal
36,3,20,noise,4.47,noise,1.485381,noise
38,1,3,noise,7.17,noise,3.338413,signal
37,1,4,noise,5.86,noise,2.03195,noise
33,3,49,noise,4.92,noise,1.870767,noise
31,3,9,signal,10.72,signal,1.832251,signal
34,3,46,signal,7.17,signal,1.845911,signal
36,3,21,noise,6.04,noise,1.616017,noise
32,3,2,noise,6.53,noise,4.922111,noise
36,3,22,noise,5.39,noise,1.416882,noise
37,1,5,noise,4.6,noise,2.008006,noise
31,3,10,signal,7.95,signal,1.722709,signal
33,3,50,noise,6.85,noise,1.96018,signal
34,3,47,noise,8.58,noise,2.012779,signal
36,3,23,noise,3.96,noise,1.54779,noise
33,3,51,noise,6.48,noise,1.48892,noise
32,3,3,signal,7.99,signal,2.507424,signal
38,1,4,noise,4.76,signal,4.920861,noise
37,1,6,signal,7.14,noise,1.997478,noise
31,3,11,noise,6.02,noise,2.314256,noise
34,3,48,signal,7.75,signal,2.872686,noise
36,3,24,signal,7.7,signal,1.769885,signal
31,3,12,noise,6.44,signal,2.255045,signal
37,1,7,noise,3.73,noise,2.468696,noise
38,1,5,noise,7.82,signal,2.913665,signal
32,3,4,noise,4.5,noise,3.251148,noise
36,3,25,noise,6.23,noise,1.81738,noise
34,3,49,noise,4.21,noise,1.986571,noise
33,3,52,signal,6.61,signal,4.74191,signal
37,1,8,noise,5.61,noise,2.172479,noise
36,3,26,noise,3.98,noise,1.683834,noise
31,3,13,noise,3.86,noise,2.523975,noise
34,3,50,signal,6.74,signal,1.908164,noise
32,3,5,signal,5.67,signal,3.391058,signal
34,3,51,signal,6.33,signal,1.512116,signal
38,1,6,noise,5.35,noise,3.863897,noise
31,3,14,signal,4.61,noise,2.037958,noise
33,3,53,noise,7.09,noise,2.805974,noise
37,1,9,noise,7.33,noise,2.697855,signal
36,3,27,signal,6.54,signal,2.974616,signal
31,3,15,signal,9.2,noise,1.786787,signal
34,3,52,noise,7.46,signal,2.18556,signal
38,1,7,signal,7.21,noise,2.273569,noise
36,3,28,signal,8.17,signal,1.428334,signal
32,3,6,signal,5.86,signal,3.19728,noise
37,1,10,noise,6.67,noise,2.513902,noise
33,3,54,noise,6.22,noise,3.183209,noise
38,1,8,noise,7.84,noise,1.150069,signal
31,3,16,signal,9.24,signal,1.901277,signal
36,3,29,signal,8.91,signal,1.441849,signal
34,3,53,noise,4.56,signal,1.936739,noise
32,3,7,signal,6.69,signal,2.63139,signal
38,1,9,noise,7.4,noise,1.767816,noise
36,3,30,noise,3.27,noise,1.497844,noise
33,3,55,noise,4.58,noise,2.096049,noise
31,3,17,signal,5.91,noise,2.139164,noise
34,3,54,noise,5.27,signal,1.712767,noise
36,3,31,signal,6.48,noise,2.052833,noise
32,3,8,signal,7.13,signal,2.754459,signal
33,3,56,noise,3.82,noise,2.270465,noise
34,3,55,signal,6.27,signal,1.957991,signal
38,1,10,noise,6.07,noise,2.804746,noise
31,3,18,noise,4.66,noise,2.443975,noise
36,3,32,noise,5.6,noise,2.080826,noise
31,3,19,signal,7.04,signal,1.726256,signal
34,3,56,noise,6.12,noise,2.202641,noise
33,3,57,noise,6.19,noise,2.233554,noise
32,3,9,signal,6.6,signal,3.238669,signal
36,3,33,noise,6.36,noise,1.708122,noise
31,3,20,noise,6.23,signal,1.57854,signal
34,3,57,signal,8.88,signal,2.029226,signal
33,3,58,signal,8.15,signal,2.177287,signal
36,3,34,signal,7.3,signal,1.520864,signal
31,3,21,signal,7.23,noise,1.704382,noise
36,3,35,signal,8.29,signal,1.501055,signal
33,3,59,noise,4.96,noise,2.092455,noise
34,3,58,signal,7.82,noise,2.556227,noise
31,3,22,signal,8.25,signal,1.994841,signal
36,3,36,signal,8.22,signal,1.448792,signal
38,2,1,signal,6.78,signal,5.337302,signal
33,3,60,noise,5.77,noise,1.661435,noise
34,3,59,noise,6.42,signal,1.976044,signal
32,3,10,noise,6.2,noise,6.41357,signal
31,3,23,noise,3.52,noise,1.530041,noise
36,3,37,noise,5.24,noise,1.655003,noise
38,2,2,signal,6.74,signal,1.857938,signal
34,3,60,signal,6.43,signal,1.982869,signal
31,3,24,noise,7.31,noise,1.986313,signal
33,3,61,noise,9.04,noise,3.095415,signal
36,3,38,noise,6.02,noise,2.114073,noise
32,3,11,signal,4.97,signal,2.975122,noise
38,2,3,noise,6.62,noise,1.933589,signal
34,3,61,noise,5.69,signal,2.000215,signal
31,3,25,signal,4.49,noise,1.864628,noise
33,3,62,noise,4.91,noise,1.716517,noise
36,3,39,noise,5.8,noise,1.853835,noise
38,2,4,signal,6.59,signal,1.764743,signal
32,3,12,signal,7.72,noise,2.723688,signal
34,3,62,signal,6.83,signal,1.838135,signal
31,3,26,signal,5.68,noise,1.972791,noise
36,3,40,noise,5.12,noise,1.445888,noise
38,2,5,noise,7.05,noise,1.661021,signal
33,3,63,noise,4.77,noise,2.783819,noise
31,3,27,signal,6.67,signal,1.93146,signal
32,3,13,signal,5.24,signal,2.534133,noise
36,3,41,signal,6.49,noise,1.894896,noise
34,3,63,noise,5.78,noise,2.582179,signal
38,2,6,noise,6.19,noise,1.717811,noise
33,3,64,noise,7.17,noise,1.169563,signal
31,3,28,noise,6.14,signal,1.461885,noise
36,3,42,noise,5.55,noise,1.614153,noise
34,3,64,noise,4.84,noise,1.587369,noise
38,2,7,noise,5.89,noise,1.653839,noise
32,3,14,signal,6.49,noise,2.751467,noise
31,3,29,signal,9.12,signal,1.787459,signal
36,3,43,signal,8.98,signal,1.718823,signal
34,3,65,signal,6.98,noise,1.858603,noise
38,2,8,signal,6.65,signal,1.826749,signal
31,3,30,noise,4.78,noise,1.557177,noise
33,3,65,noise,8.06,noise,4.430681,signal
36,3,44,noise,4.22,noise,1.595615,noise
32,3,15,noise,5.14,noise,2.77587,noise
38,2,9,noise,6.07,noise,1.639388,noise
31,3,31,noise,3.95,signal,1.656403,noise
33,3,66,noise,4.22,noise,1.617649,noise
34,3,66,noise,5.64,signal,2.946509,signal
36,3,45,noise,5.8,noise,1.846793,noise
38,2,10,noise,6.5,noise,1.895626,noise
32,3,16,signal,5.72,signal,2.610939,noise
31,3,32,noise,4.41,noise,1.704734,noise
36,3,46,noise,5.55,noise,1.559969,noise
33,3,67,noise,5.77,noise,2.344587,noise
31,3,33,noise,5.52,noise,1.617662,noise
34,3,67,signal,7.64,noise,3.339619,signal
32,3,17,signal,5.61,signal,2.215361,noise
36,3,47,noise,6.73,signal,2.619596,signal
33,3,68,signal,8.21,signal,2.265,noise
31,3,34,noise,6.3,noise,1.735379,noise
38,3,1,noise,5.18,noise,2.845428,noise
34,3,68,noise,5.52,signal,2.006125,signal
32,3,18,signal,6.45,signal,1.986293,noise
33,3,69,signal,9.58,noise,1.165769,signal
36,3,48,noise,5.79,noise,1.752303,noise
31,3,35,noise,4.38,noise,1.689337,noise
38,3,2,noise,7.22,noise,1.144734,noise
34,3,69,noise,5.03,noise,1.522819,noise
31,3,36,noise,5.62,noise,1.635424,noise
36,3,49,noise,6.06,noise,1.899171,noise
32,3,19,noise,4.79,signal,2.830626,signal
33,3,70,noise,7.81,signal,2.17282,signal
38,3,3,noise,7.17,noise,1.845297,signal
34,3,70,noise,7.69,noise,2.052404,signal
31,3,37,signal,7.78,signal,1.634943,signal
36,3,50,noise,5.77,signal,1.807119,signal
37,2,1,noise,5.58,noise,4.99145,noise
33,3,71,noise,5.77,noise,1.668849,noise
32,3,20,signal,8.78,signal,2.139788,signal
38,3,4,signal,4.76,signal,1.995315,noise
34,3,71,noise,4.69,noise,1.545741,noise
31,3,38,noise,4.48,noise,1.538587,noise
36,3,51,noise,4.51,noise,1.901905,noise
38,3,5,signal,7.82,signal,1.677074,signal
31,3,39,noise,5.5,noise,1.729322,noise
33,3,72,noise,5.48,noise,2.866846,noise
34,3,72,signal,7.35,signal,2.48101,signal
37,2,2,noise,4.24,noise,3.369344,noise
32,3,21,noise,5.13,signal,3.169342,noise
36,3,52,noise,6.05,noise,1.982054,noise
38,3,6,noise,5.35,noise,1.727395,noise
31,3,40,noise,6.32,signal,1.787847,signal
33,3,73,noise,6.59,noise,2.066062,signal
36,3,53,signal,7.65,signal,1.772235,signal
34,3,73,noise,6.76,signal,2.700814,signal
38,3,7,noise,7.21,noise,1.834476,noise
37,2,3,noise,5.55,noise,2.799776,noise
32,3,22,noise,6.18,noise,2.706162,noise
31,3,41,noise,3.9,signal,1.817566,noise
33,3,74,noise,5.02,noise,1.231308,noise
34,3,74,noise,4.88,noise,1.676161,noise
36,3,54,signal,9.27,signal,1.862071,signal
38,3,8,noise,7.84,noise,1.535368,signal
37,2,4,noise,7.82,noise,1.859427,signal
31,3,42,signal,5.98,noise,1.676945,noise
32,3,23,signal,8.07,noise,2.446164,noise
33,3,75,noise,4.88,noise,2.654063,noise
38,3,9,noise,7.4,noise,1.529328,noise
36,3,55,signal,6.97,signal,1.686891,signal
34,3,75,noise,6.58,noise,2.069468,noise
31,3,43,signal,5.95,noise,1.660877,noise
37,2,5,signal,7.35,noise,2.138458,signal
32,3,24,signal,6.18,signal,2.030642,signal
36,3,56,noise,5.96,noise,1.844766,noise
38,3,10,noise,6.07,noise,1.990782,noise
33,3,76,noise,4.6,noise,2.113117,noise
34,3,76,noise,5.98,noise,1.925048,noise
31,3,44,noise,5.11,noise,1.821763,noise
37,2,6,noise,4.72,noise,2.084217,noise
38,3,11,signal,6.78,signal,1.684736,signal
32,3,25,noise,6.73,noise,2.700433,noise
36,3,57,signal,7.7,signal,1.903311,signal
31,3,45,noise,5.66,noise,1.481318,noise
33,3,77,signal,4.91,signal,2.037695,noise
34,3,77,noise,5.4,noise,1.918721,noise
37,2,7,noise,4.7,noise,2.483869,noise
31,3,46,noise,4.75,noise,1.434091,noise
38,3,12,signal,6.74,signal,1.694331,signal
36,3,58,noise,6.55,noise,1.761282,noise
33,3,78,noise,4.84,noise,1.599881,noise
32,3,26,noise,5.75,noise,2.13759,noise
34,3,78,signal,8.35,signal,1.902365,signal
31,3,47,signal,9.75,noise,1.6623,signal
38,3,13,noise,6.62,noise,1.672846,signal
36,3,59,noise,7.73,noise,1.819363,signal
34,3,79,noise,4.21,noise,1.781196,noise
37,2,8,signal,7.64,noise,2.985571,noise
33,3,79,noise,6.55,noise,2.925953,noise
31,3,48,signal,7.31,signal,1.73186,signal
32,3,27,signal,7.71,noise,3.379173,signal
38,3,14,signal,6.59,signal,1.749678,signal
36,3,60,noise,5.16,signal,1.891261,noise
34,3,80,signal,7.3,signal,1.914016,signal
31,3,49,noise,5.88,noise,1.625375,noise
37,2,9,signal,5.06,noise,2.185233,noise
33,3,80,signal,6.57,signal,1.7281,signal
38,3,15,noise,7.05,noise,1.612641,signal
34,3,81,noise,6.79,noise,1.862508,signal
31,3,50,noise,5.31,noise,1.361854,noise
32,3,28,noise,6.63,noise,2.919418,noise
37,2,10,noise,5.84,noise,1.691538,noise
33,3,81,noise,4.43,noise,1.777505,noise
36,3,61,signal,6.68,signal,3.221647,signal
38,3,16,noise,6.19,noise,2.143149,noise
31,3,51,noise,4.28,noise,1.428816,noise
42,1,1,noise,7.23,noise,12.153034,noise
36,3,62,noise,4.63,noise,1.610073,noise
32,3,29,signal,6.84,signal,2.536694,signal
31,3,52,noise,4.91,noise,1.341849,noise
34,3,82,noise,5.96,signal,3.203288,noise
38,3,17,noise,5.89,noise,1.72012,noise
33,3,82,noise,5.02,noise,2.687231,noise
31,3,53,signal,9.89,signal,1.591768,signal
36,3,63,noise,7.06,noise,2.433538,noise
38,3,18,signal,6.65,signal,1.832352,signal
34,3,83,signal,7.56,signal,2.123264,signal
32,3,30,noise,3.96,signal,2.775076,noise
33,3,83,noise,6.65,noise,2.698433,noise
31,3,54,noise,6.1,noise,1.677239,noise
42,1,2,noise,4.79,noise,4.419492,noise
36,3,64,noise,5.12,noise,1.747343,noise
38,3,19,noise,6.07,noise,1.751131,noise
34,3,84,noise,6.59,noise,2.125418,signal
37,3,1,noise,5.31,noise,2.706616,noise
31,3,55,noise,6.77,noise,1.457209,noise
33,3,84,noise,4.1,noise,1.883254,noise
36,3,65,noise,5.61,noise,1.589527,noise
42,1,3,noise,4.72,noise,2.133181,noise
32,3,31,signal,5.88,signal,3.522792,signal
38,3,20,noise,6.5,noise,2.096242,noise
34,3,85,signal,8.08,signal,1.737054,signal
31,3,56,signal,8.65,signal,1.739755,signal
33,3,85,noise,4.8,noise,1.604015,noise
37,3,2,signal,8.58,noise,2.014762,signal
36,3,66,noise,4.86,noise,1.730555,noise
38,3,21,signal,6.35,signal,1.798129,signal
31,3,57,noise,6.57,noise,1.540983,signal
34,3,86,signal,7.9,noise,1.908944,noise
32,3,32,signal,6.92,signal,2.495576,signal
33,3,86,noise,6.58,noise,1.692237,signal
42,1,4,noise,7.49,signal,3.136721,noise
37,3,3,signal,6.59,noise,2.17941,noise
36,3,67,signal,7.47,signal,1.831246,signal
38,3,22,noise,5.3,noise,1.630313,noise
33,3,87,noise,8.04,noise,1.448161,signal
42,1,5,noise,5.39,signal,1.513474,noise
31,3,58,signal,8.44,signal,1.884881,signal
34,3,87,signal,7.18,noise,1.860554,signal
36,3,68,noise,5.35,noise,1.625366,noise
32,3,33,signal,6.48,signal,2.583782,signal
37,3,4,noise,5.86,noise,2.831401,noise
31,3,59,signal,7.81,noise,1.70133,noise
42,1,6,noise,6.8,signal,1.81114,signal
38,3,23,noise,7.91,noise,2.179029,signal
34,3,88,signal,7.05,signal,1.86757,noise
36,3,69,noise,7.35,noise,2.034111,signal
33,3,88,noise,4.17,noise,3.60222,noise
32,3,34,signal,6.58,signal,2.882817,noise
31,3,60,noise,5.12,noise,1.700826,noise
34,3,89,signal,8.26,noise,1.704514,signal
38,3,24,noise,5.73,noise,1.823255,noise
37,3,5,noise,4.6,noise,2.427228,noise
36,3,70,signal,5.67,noise,1.638915,noise
42,1,7,noise,6.63,noise,3.257997,noise
31,3,61,noise,3.43,noise,1.469169,noise
38,3,25,noise,5.73,noise,1.709039,noise
33,3,89,signal,7.05,signal,1.949003,signal
36,3,71,noise,4.46,noise,1.697467,noise
34,3,90,noise,7.41,signal,2.29471,signal
37,3,6,signal,7.14,noise,2.282663,noise
42,1,8,signal,7.5,signal,1.573869,noise
31,3,62,signal,6.98,signal,1.732438,signal
38,3,26,noise,8.19,noise,1.474034,signal
36,3,72,noise,4.19,noise,1.51367,noise
32,3,35,noise,6.7,noise,4.456244,signal
34,3,91,signal,6.8,signal,2.021992,noise
31,3,63,noise,4.61,noise,1.389827,noise
42,1,9,noise,5.83,signal,1.755911,signal
38,3,27,signal,5.97,signal,1.66973,noise
36,3,73,noise,4.49,noise,1.466855,noise
37,3,7,noise,3.73,noise,2.942068,noise
42,1,10,noise,6.53,noise,1.329263,signal
31,3,64,signal,7.48,signal,1.675882,signal
34,3,92,noise,6.9,noise,2.075047,noise
38,3,28,signal,6.85,signal,1.731948,signal
36,3,74,noise,5.46,noise,1.807881,noise
32,3,36,signal,6.81,noise,3.354256,signal
37,3,8,noise,5.61,noise,1.983437,noise
31,3,65,signal,7.33,signal,1.635231,signal
34,3,93,noise,5.23,noise,1.754253,noise
38,3,29,noise,8.99,noise,1.777916,signal
36,3,75,noise,5.22,noise,1.671741,noise
31,3,66,noise,5.04,noise,1.472493,noise
37,3,9,noise,7.33,noise,2.627602,signal
34,3,94,signal,6.98,signal,1.862243,signal
32,3,37,signal,6.48,signal,2.894334,noise
33,3,90,signal,8.79,signal,8.459978,signal
36,3,76,signal,6.88,signal,1.647516,signal
38,3,30,noise,6.44,noise,1.802821,noise
31,3,67,noise,5.31,noise,1.324838,noise
34,3,95,noise,5.92,noise,1.717089,noise
31,3,68,noise,3.69,noise,1.342522,noise
36,3,77,noise,6.81,noise,1.729551,noise
37,3,10,noise,6.67,noise,2.289374,noise
38,3,31,noise,5.84,noise,2.00672,noise
32,3,38,signal,7.01,noise,2.606678,noise
33,3,91,signal,6.08,signal,3.586058,noise
31,3,69,noise,6.31,noise,1.745506,noise
34,3,96,signal,6.16,noise,2.405807,noise
36,3,78,noise,5.14,noise,2.194719,noise
37,3,11,noise,5.58,noise,2.318997,noise
32,3,39,signal,6.31,signal,2.329923,signal
38,3,32,noise,4.02,noise,2.454409,noise
31,3,70,signal,9.23,noise,1.418167,signal
33,3,92,signal,6.51,signal,1.724942,signal
34,3,97,noise,5.93,signal,1.682365,signal
36,3,79,signal,6.97,signal,1.689099,signal
37,3,12,noise,4.24,noise,2.051596,noise
31,3,71,noise,4.5,noise,1.49791,noise
32,3,40,noise,5.77,noise,2.128625,noise
38,3,33,noise,5.22,noise,2.218858,noise
34,3,98,signal,7.06,signal,1.678981,signal
36,3,80,noise,3.59,noise,1.661297,noise
33,3,93,signal,8.8,signal,2.210814,signal
31,3,72,signal,6.75,signal,1.702886,signal
37,3,13,noise,5.55,noise,1.809766,noise
38,3,34,signal,9.89,signal,1.695961,signal
36,3,81,noise,5.87,noise,1.765545,noise
32,3,41,signal,7.82,signal,2.654157,signal
34,3,99,noise,4.63,signal,1.922375,signal
31,3,73,noise,6.13,noise,1.38517,noise
37,3,14,signal,7.82,noise,1.793704,signal
33,3,94,signal,7.0,noise,2.844535,noise
36,3,82,signal,7.62,signal,1.724997,signal
31,3,74,signal,6.77,signal,2.105603,signal
34,3,100,noise,5.54,noise,2.334963,noise
37,3,15,signal,7.35,noise,1.737267,signal
33,3,95,noise,6.99,noise,1.530564,noise
38,3,35,signal,6.9,signal,3.789291,signal
32,3,42,noise,6.18,noise,3.306088,signal
36,3,83,noise,5.44,noise,1.737797,noise
31,3,75,signal,7.92,signal,1.68163,signal
37,3,16,noise,4.72,noise,1.774933,noise
33,3,96,noise,8.12,noise,1.545186,signal
38,3,36,signal,6.56,signal,1.842154,signal
32,3,43,signal,6.46,signal,2.069794,signal
36,3,84,noise,3.57,noise,1.928772,noise
31,3,76,noise,5.64,noise,1.410836,noise
37,3,17,noise,4.7,noise,1.886765,noise
33,3,97,noise,3.25,noise,1.74599,noise
38,3,37,signal,6.86,signal,1.733823,signal
31,3,77,noise,5.44,noise,1.85211,noise
36,3,85,signal,5.47,signal,2.167698,noise
33,3,98,noise,7.13,noise,1.15669,signal
37,3,18,signal,7.64,noise,1.959383,noise
32,3,44,noise,5.79,noise,3.270608,noise
38,3,38,noise,6.74,noise,1.641715,signal
31,3,78,noise,5.08,noise,1.328689,noise
36,3,86,noise,7.71,noise,1.194264,signal
33,3,99,signal,8.31,signal,1.62506,signal
31,3,79,noise,5.15,noise,1.37692,noise
37,3,19,noise,5.06,noise,1.824078,noise
38,3,39,signal,5.68,signal,1.647609,signal
36,3,87,noise,4.02,noise,1.676367,noise
32,3,45,signal,6.81,signal,2.716072,noise
33,3,100,signal,4.78,signal,2.487776,noise
38,3,40,noise,5.49,noise,1.714711,noise
37,3,20,noise,5.84,noise,1.660361,noise
36,3,88,noise,6.58,signal,1.57522,signal
31,3,80,noise,6.41,noise,2.204709,noise
32,3,46,signal,6.63,signal,2.109328,signal
31,3,81,noise,4.11,noise,1.463084,noise
36,3,89,noise,6.63,noise,1.747876,noise
38,3,41,noise,5.59,noise,2.023928,noise
37,3,21,noise,6.36,noise,2.133831,noise
31,3,82,noise,4.46,noise,1.453174,noise
36,3,90,noise,6.74,noise,1.521614,noise
32,3,47,signal,7.27,signal,2.704245,signal
38,3,42,noise,7.86,noise,1.549238,signal
31,3,83,signal,6.94,signal,1.744806,signal
36,3,91,noise,4.07,noise,1.47755,noise
37,3,22,noise,3.55,noise,3.24766,noise
38,3,43,signal,6.77,signal,1.706522,signal
42,2,1,noise,6.63,signal,6.870871,signal
32,3,48,noise,5.52,noise,2.592474,noise
31,3,84,signal,8.44,signal,1.473134,signal
36,3,92,noise,4.13,noise,1.426249,noise
38,3,44,noise,6.47,noise,1.689476,noise
37,3,23,signal,8.19,noise,1.9362,signal
31,3,85,noise,5.02,noise,1.45925,noise
36,3,93,signal,5.86,signal,1.687993,signal
38,3,45,signal,5.83,signal,1.641403,noise
37,3,24,noise,4.6,noise,1.591973,noise
32,3,49,signal,7.22,noise,3.072602,signal
31,3,86,signal,8.25,noise,1.657878,signal
42,2,2,signal,4.45,noise,3.967953,noise
36,3,94,signal,7.1,signal,1.518066,signal
38,3,46,noise,6.9,noise,1.681277,noise
37,3,25,noise,5.1,noise,1.732444,noise
31,3,87,signal,8.49,noise,1.412695,signal
42,2,3,signal,7.16,noise,1.249761,signal
36,3,95,noise,7.64,noise,1.728261,signal
32,3,50,signal,7.32,signal,2.684618,signal
31,3,88,noise,5.31,noise,1.581359,noise
38,3,47,noise,6.74,noise,1.749208,noise
42,2,4,noise,6.75,noise,1.926958,noise
37,3,26,noise,6.42,noise,2.138493,noise
36,3,96,noise,6.19,noise,2.568274,noise
31,3,89,noise,4.61,noise,1.483042,noise
42,2,5,signal,7.72,signal,1.375784,noise
38,3,48,noise,4.87,noise,1.681776,noise
37,3,27,noise,5.4,noise,1.519037,noise
32,3,51,noise,6.82,noise,3.307319,noise
36,3,97,noise,6.31,noise,1.509007,noise
31,3,90,noise,6.2,noise,1.65232,noise
42,2,6,signal,5.93,noise,1.492109,signal
38,3,49,signal,8.59,signal,1.656578,signal
37,3,28,noise,6.55,noise,1.629381,noise
36,3,98,noise,5.39,noise,1.431542,noise
31,3,91,noise,4.66,signal,1.603578,noise
42,2,7,noise,5.89,noise,1.561267,noise
32,3,52,signal,8.9,noise,2.77517,signal
38,3,50,noise,5.69,noise,1.633234,noise
37,3,29,noise,5.17,noise,1.754574,noise
31,3,92,noise,4.11,noise,1.460837,noise
38,3,51,noise,6.33,noise,1.50121,noise
37,3,30,noise,6.44,noise,1.277192,noise
31,3,93,noise,3.79,noise,1.449953,noise
42,2,8,noise,5.7,noise,2.599783,noise
32,3,53,noise,6.18,noise,2.975501,signal
37,3,31,noise,5.92,noise,1.181,noise
36,3,99,noise,4.15,noise,3.92921,noise
38,3,52,noise,6.23,noise,2.054344,noise
42,2,9,signal,6.59,signal,1.653461,noise
31,3,94,noise,3.77,signal,1.748266,noise
37,3,32,noise,4.94,noise,1.413056,noise
36,3,100,noise,7.27,noise,1.660945,noise
32,3,54,noise,5.12,noise,2.614718,noise
31,3,95,noise,6.84,signal,1.302778,signal
42,2,10,signal,5.47,signal,1.66405,signal
37,3,33,noise,3.43,noise,1.468973,noise
38,3,53,noise,3.51,noise,2.428874,noise
31,3,96,signal,7.74,signal,1.482124,signal
37,3,34,noise,7.34,noise,1.421121,signal
32,3,55,signal,7.29,noise,2.648131,signal
31,3,97,signal,6.4,signal,1.571331,signal
44,1,1,signal,3.78,noise,7.566368,noise
38,3,54,noise,5.31,noise,2.756936,noise
37,3,35,noise,5.28,noise,1.527258,noise
42,3,1,noise,7.23,noise,2.394469,noise
31,3,98,signal,7.83,signal,1.352399,signal
44,1,2,noise,6.23,noise,1.580066,noise
32,3,56,noise,5.98,noise,2.705573,noise
37,3,36,noise,5.38,noise,1.525458,noise
38,3,55,noise,7.83,noise,1.758826,noise
42,3,2,noise,4.79,noise,1.577757,noise
31,3,99,noise,4.79,noise,2.124951,noise
37,3,37,signal,7.96,noise,1.61166,signal
44,1,3,noise,8.19,noise,1.932657,signal
42,3,3,noise,4.72,noise,1.274349,noise
38,3,56,noise,6.6,noise,2.219493,noise
31,3,100,noise,4.57,noise,1.316543,noise
32,3,57,signal,7.83,noise,3.115585,signal
42,3,4,signal,7.49,signal,1.60663,noise
37,3,38,noise,6.3,noise,2.109871,noise
44,1,4,signal,6.51,noise,2.215362,noise
38,3,57,signal,8.38,signal,1.721642,signal
44,1,5,noise,4.81,noise,1.1971,noise
42,3,5,signal,5.39,signal,1.768366,noise
38,3,58,noise,5.0,noise,1.67289,noise
37,3,39,noise,6.93,noise,2.331158,noise
32,3,58,signal,6.22,signal,3.65853,signal
44,1,6,noise,6.23,noise,1.768831,noise
42,3,6,signal,6.8,signal,1.793483,signal
38,3,59,noise,6.4,noise,1.648502,signal
37,3,40,noise,4.76,noise,1.702016,noise
38,3,60,noise,8.01,noise,1.465326,noise
42,3,7,noise,6.63,noise,2.011478,noise
44,1,7,noise,7.0,noise,2.596203,noise
32,3,59,signal,8.54,noise,3.595262,signal
37,3,41,noise,6.45,noise,2.002085,noise
38,3,61,signal,7.95,signal,1.661058,signal
42,3,8,signal,7.5,signal,1.498777,noise
44,1,8,noise,7.14,noise,1.29225,noise
37,3,42,noise,4.63,noise,1.776792,noise
42,3,9,signal,5.83,signal,1.541443,signal
38,3,62,noise,7.38,noise,1.665923,noise
32,3,60,signal,5.93,signal,3.567259,signal
37,3,43,noise,5.52,noise,1.599471,noise
44,1,9,noise,5.64,noise,2.217495,noise
38,3,63,noise,7.34,noise,1.500107,signal
42,3,10,noise,6.53,noise,1.905414,signal
37,3,44,noise,5.01,noise,1.569422,noise
44,1,10,noise,7.91,noise,2.170203,noise
38,3,64,noise,5.57,noise,1.584916,noise
42,3,11,signal,6.63,signal,1.423076,signal
32,3,61,signal,6.88,signal,3.064547,signal
37,3,45,noise,4.92,noise,1.679035,noise
42,3,12,noise,4.45,noise,1.383295,noise
38,3,65,noise,5.45,noise,1.60354,noise
37,3,46,signal,7.3,noise,1.73105,noise
42,3,13,noise,7.16,noise,1.450977,signal
38,3,66,noise,6.93,noise,1.540026,noise
32,3,62,noise,5.13,noise,3.09271,noise
42,3,14,noise,6.75,noise,1.404464,noise
37,3,47,noise,5.48,noise,1.893068,noise
38,3,67,noise,6.81,noise,1.433008,signal
44,2,1,noise,5.42,noise,2.22871,noise
42,3,15,signal,7.72,signal,1.336024,noise
37,3,48,noise,7.05,noise,1.430521,signal
43,1,1,signal,9.43,signal,18.651735,signal
32,3,63,signal,6.08,signal,3.094761,signal
44,2,2,noise,4.66,noise,1.538739,noise
38,3,68,noise,6.71,noise,2.625793,noise
42,3,16,noise,5.93,noise,1.490407,signal
37,3,49,noise,8.26,noise,1.524334,signal
44,2,3,noise,6.89,noise,1.101539,noise
38,3,69,noise,5.05,noise,1.494487,noise
42,3,17,noise,5.89,noise,1.403693,noise
37,3,50,noise,5.03,noise,1.790606,noise
44,2,4,noise,7.19,noise,1.25705,noise
32,3,64,noise,6.38,noise,3.433266,noise
38,3,70,noise,5.73,noise,1.370169,noise
42,3,18,noise,5.7,noise,1.680585,noise
44,2,5,noise,7.31,noise,1.23807,noise
38,3,71,noise,5.49,noise,1.462817,signal
32,3,65,signal,8.79,signal,2.428475,signal
42,3,19,signal,6.59,signal,1.519747,noise
37,3,51,noise,6.89,noise,2.922153,noise
44,2,6,noise,5.27,noise,1.592608,noise
42,3,20,signal,5.47,signal,1.216806,signal
38,3,72,noise,4.62,noise,2.102198,noise
44,2,7,noise,6.97,noise,1.733741,noise
37,3,52,signal,7.74,noise,2.126372,signal
42,3,21,signal,6.39,signal,1.472525,signal
32,3,66,signal,7.1,noise,3.389808,noise
38,3,73,noise,6.91,noise,1.486429,noise
44,2,8,noise,5.29,noise,1.252956,signal
37,3,53,noise,5.17,noise,1.69619,noise
42,3,22,noise,5.66,noise,1.408828,noise
44,2,9,signal,7.17,noise,1.404857,signal
38,3,74,signal,5.96,signal,1.897616,noise
43,1,2,noise,6.2,noise,12.414576,noise
42,3,23,noise,8.92,noise,1.274102,noise
44,2,10,signal,4.59,noise,1.314001,noise
37,3,54,signal,8.68,noise,2.24309,signal
32,3,67,noise,4.59,signal,3.163817,noise
38,3,75,noise,5.38,noise,1.725054,noise
42,3,24,noise,7.03,noise,1.28611,noise
37,3,55,noise,4.78,noise,1.669946,noise
43,1,3,noise,5.17,noise,2.548157,noise
42,3,25,noise,6.23,noise,1.289399,noise
38,3,76,signal,6.33,signal,1.584819,noise
32,3,68,signal,6.04,signal,2.912793,signal
43,1,4,noise,3.91,noise,1.578433,noise
37,3,56,noise,5.12,noise,1.753637,noise
42,3,26,noise,6.61,noise,1.255764,noise
38,3,77,noise,4.98,noise,1.453376,noise
44,3,1,noise,3.78,noise,2.308864,noise
37,3,57,noise,6.38,noise,1.620421,noise
42,3,27,signal,4.55,signal,1.657128,signal
32,3,69,noise,5.79,noise,2.582954,noise
38,3,78,noise,5.64,noise,1.553401,noise
44,3,2,noise,6.23,noise,1.172279,noise
42,3,28,noise,4.85,noise,1.416741,noise
44,3,3,noise,8.19,noise,1.160081,signal
37,3,58,noise,4.94,noise,1.62435,noise
38,3,79,noise,5.26,noise,1.774936,noise
32,3,70,noise,5.43,noise,2.027684,noise
42,3,29,signal,5.73,signal,1.387514,signal
44,3,4,signal,6.51,noise,1.356446,noise
37,3,59,noise,5.95,noise,1.576345,noise
38,3,80,signal,7.23,signal,1.632155,signal
44,3,5,noise,4.81,noise,1.108514,noise
42,3,30,signal,6.61,signal,1.421999,signal
32,3,71,noise,6.93,noise,2.90303,signal
37,3,60,noise,3.01,noise,1.804735,noise
44,3,6,noise,6.23,noise,1.283447,noise
38,3,81,signal,4.31,signal,1.861077,noise
42,3,31,noise,6.38,noise,1.395344,noise
37,3,61,noise,6.31,noise,1.472848,noise
44,3,7,noise,7.0,noise,1.427616,noise
32,3,72,signal,7.66,noise,2.161931,signal
42,3,32,signal,7.03,signal,1.43044,signal
38,3,82,signal,5.69,signal,1.923952,signal
37,3,62,noise,5.44,noise,1.5372,noise
42,3,33,noise,5.65,noise,1.381137,noise
43,1,5,signal,7.27,signal,11.364635,signal
44,3,8,noise,7.14,noise,1.731543,noise
38,3,83,noise,5.96,noise,1.736669,noise
32,3,73,signal,7.07,noise,2.726075,signal
37,3,63,noise,4.9,noise,1.528689,noise
44,3,9,noise,5.64,noise,1.025734,noise
42,3,34,noise,5.41,noise,1.645482,noise
38,3,84,noise,9.01,noise,1.426991,signal
44,3,10,noise,7.91,noise,1.837191,noise
42,3,35,signal,6.55,signal,1.423108,signal
37,3,64,noise,7.13,noise,2.29126,signal
38,3,85,noise,5.86,noise,1.412877,noise
44,3,11,noise,5.42,noise,1.081067,noise
32,3,74,signal,6.84,signal,3.911026,signal
42,3,36,noise,6.12,noise,1.518639,noise
37,3,65,noise,6.54,noise,1.661582,noise
38,3,86,noise,5.75,noise,1.392446,noise
44,3,12,noise,4.66,noise,1.183564,noise
42,3,37,noise,10.07,noise,1.749775,signal
44,3,13,noise,6.89,noise,1.079502,noise
38,3,87,noise,6.48,noise,1.504624,noise
46,1,1,signal,5.77,noise,5.887167,noise
37,3,66,signal,8.13,noise,1.836629,signal
42,3,38,signal,6.59,signal,1.360562,noise
37,3,67,noise,4.94,noise,1.608115,noise
38,3,88,signal,8.38,signal,1.769218,signal
44,3,14,noise,7.19,noise,2.166395,noise
32,3,75,signal,5.29,signal,4.502844,noise
42,3,39,noise,6.8,noise,1.459584,noise
44,3,15,noise,7.31,noise,1.180599,noise
38,3,89,noise,4.4,noise,1.537997,noise
37,3,68,noise,5.65,noise,1.841893,noise
42,3,40,noise,6.85,noise,1.370721,noise
48,1,1,noise,7.62,noise,28.843724,noise
44,3,16,noise,5.27,noise,1.612793,noise
46,1,2,signal,8.26,signal,5.44658,signal
38,3,90,noise,6.55,noise,1.683522,noise
37,3,69,noise,3.89,noise,2.080245,noise
42,3,41,noise,5.43,noise,1.64561,noise
32,3,76,signal,7.11,signal,4.015072,signal
44,3,17,noise,6.97,noise,1.196696,noise
38,3,91,signal,4.6,signal,1.748721,signal
42,3,42,signal,6.62,signal,1.49031,noise
46,1,3,signal,6.57,signal,2.560785,noise
48,1,2,noise,4.78,signal,3.293877,noise
37,3,70,noise,3.15,noise,1.56143,noise
44,3,18,noise,5.29,noise,1.620127,signal
42,3,43,noise,7.21,noise,1.507849,noise
38,3,92,noise,5.39,noise,2.181539,noise
32,3,77,noise,4.46,noise,3.523598,noise
44,3,19,signal,7.17,noise,1.331938,signal
37,3,71,signal,7.24,noise,1.838877,noise
46,1,4,noise,4.09,noise,2.807981,noise
42,3,44,signal,4.84,signal,1.355851,signal
38,3,93,signal,7.17,signal,1.695294,signal
48,1,3,noise,8.69,noise,3.099367,noise
37,3,72,noise,5.09,noise,1.55536,noise
44,3,20,signal,4.59,noise,1.295074,noise
32,3,78,signal,6.9,signal,2.471563,noise
42,3,45,noise,6.4,noise,1.269879,noise
38,3,94,noise,6.41,noise,1.614807,noise
46,1,5,signal,7.02,noise,2.412905,noise
37,3,73,noise,4.05,noise,1.599641,noise
42,3,46,signal,7.18,signal,1.292395,signal
44,3,21,noise,4.55,noise,1.587523,noise
45,1,1,noise,7.03,noise,5.109124,noise
48,1,4,noise,5.05,noise,3.272446,noise
44,3,22,noise,3.79,noise,1.082604,noise
32,3,79,noise,5.44,noise,2.940706,noise
37,3,74,noise,6.61,noise,1.611139,noise
42,3,47,signal,7.37,signal,1.509023,signal
38,3,95,noise,5.73,noise,2.276222,noise
46,1,6,signal,7.89,signal,2.28189,signal
42,3,48,noise,5.94,noise,1.28898,noise
44,3,23,noise,4.84,noise,1.662135,noise
37,3,75,noise,6.65,noise,1.625037,noise
45,1,2,noise,7.71,noise,2.795527,signal
38,3,96,noise,4.71,noise,1.843741,noise
48,1,5,noise,4.47,noise,1.963849,noise
46,1,7,noise,5.46,noise,2.48784,noise
44,3,24,noise,8.01,noise,1.235715,signal
42,3,49,noise,7.61,noise,1.449181,noise
37,3,76,noise,4.93,noise,1.692361,noise
32,3,80,noise,5.87,noise,4.049836,noise
38,3,97,noise,6.52,noise,1.84507,noise
44,3,25,signal,5.28,noise,1.150618,noise
48,1,6,noise,7.28,noise,1.899713,noise
45,1,3,noise,5.34,noise,2.480957,noise
42,3,50,noise,5.87,noise,1.407806,noise
37,3,77,noise,6.21,noise,1.676237,noise
44,3,26,noise,6.48,noise,1.098106,noise
46,1,8,noise,7.43,noise,2.79882,signal
38,3,98,noise,8.58,noise,1.724929,noise
42,3,51,noise,6.3,noise,1.730045,noise
48,1,7,noise,7.69,signal,2.110385,signal
37,3,78,noise,6.42,noise,1.95743,noise
32,3,81,noise,6.28,noise,3.607442,noise
44,3,27,noise,4.16,noise,1.981575,noise
46,1,9,noise,5.93,noise,2.25112,noise
42,3,52,noise,5.06,noise,1.586124,noise
38,3,99,noise,4.76,noise,2.3238,noise
45,1,4,signal,6.19,noise,4.731363,noise
44,3,28,noise,4.34,noise,1.341637,noise
37,3,79,noise,4.32,noise,1.681727,noise
42,3,53,signal,6.29,signal,1.373291,signal
46,1,10,signal,7.87,signal,1.852189,signal
32,3,82,signal,7.01,signal,2.439832,noise
38,3,100,noise,7.29,noise,1.936017,signal
48,1,8,noise,7.1,noise,3.030361,noise
37,3,80,noise,5.64,noise,1.407316,noise
44,3,29,noise,8.52,noise,1.710386,signal
42,3,54,noise,5.93,noise,1.651551,noise
45,1,5,noise,5.59,noise,2.276216,noise
37,3,81,noise,8.69,noise,1.443999,signal
42,3,55,noise,4.93,noise,1.430627,noise
48,1,9,noise,4.79,noise,2.379149,noise
32,3,83,noise,5.66,noise,3.269121,noise
45,1,6,signal,7.38,noise,2.137863,noise
37,3,82,noise,6.48,noise,1.400764,noise
42,3,56,noise,6.62,noise,1.329916,noise
44,3,30,noise,6.84,noise,3.4959,noise
37,3,83,noise,6.65,noise,1.448229,noise
48,1,10,noise,5.35,signal,2.123611,signal
42,3,57,noise,4.8,noise,1.43167,noise
32,3,84,signal,7.76,noise,2.878225,noise
44,3,31,noise,5.42,noise,2.359798,noise
37,3,84,noise,5.12,noise,1.481841,noise
42,3,58,signal,6.9,signal,1.42876,signal
45,1,7,noise,6.53,noise,3.732951,noise
46,2,1,noise,5.64,noise,2.776538,noise
37,3,85,noise,5.96,noise,1.449453,noise
32,3,85,noise,5.54,noise,2.510347,noise
44,3,32,noise,6.68,noise,1.685365,noise
42,3,59,signal,5.17,signal,1.623202,noise
46,2,2,signal,8.72,signal,2.142858,signal
42,3,60,noise,6.28,noise,1.410759,noise
45,1,8,signal,5.84,signal,3.14458,signal
44,3,33,noise,4.76,noise,1.819723,noise
37,3,86,noise,7.71,noise,1.970796,signal
32,3,86,signal,5.83,signal,2.563231,noise
49,1,1,noise,7.91,noise,5.02902,signal
44,3,34,noise,5.07,noise,1.099687,noise
42,3,61,signal,7.67,signal,1.385309,signal
50,1,1,signal,7.59,signal,11.354185,signal
46,2,3,noise,5.76,signal,2.396134,signal
45,1,9,signal,7.49,noise,2.192705,noise
37,3,87,noise,7.26,noise,2.060332,signal
42,3,62,signal,5.16,signal,1.430273,signal
32,3,87,noise,4.8,noise,2.455861,noise
44,3,35,noise,5.6,noise,1.876597,noise
48,2,1,noise,6.79,noise,2.55932,noise
46,2,4,noise,5.16,noise,2.051857,noise
37,3,88,noise,6.33,noise,1.85423,signal
49,1,2,noise,7.91,noise,3.399738,signal
42,3,63,noise,7.59,noise,1.433182,noise
45,1,10,signal,8.04,signal,2.485018,signal
44,3,36,noise,4.45,noise,1.51276,noise
32,3,88,noise,6.16,noise,2.288251,noise
49,1,3,signal,6.38,noise,1.379559,noise
37,3,89,noise,5.11,noise,1.573693,noise
46,2,5,noise,5.46,noise,1.949148,noise
50,1,2,signal,6.76,noise,4.803375,noise
48,2,2,noise,5.07,noise,2.366229,noise
42,3,64,noise,5.72,noise,2.136151,noise
44,3,37,noise,7.37,noise,1.702963,signal
37,3,90,noise,5.45,noise,1.48828,noise
32,3,89,signal,7.0,signal,2.347756,signal
44,3,38,signal,4.83,noise,1.029512,noise
46,2,6,noise,5.88,noise,1.845472,noise
42,3,65,noise,5.35,noise,1.840991,noise
48,2,3,signal,7.17,signal,2.204151,signal
35,1,1,signal,4.82,noise,11.188894,noise
37,3,91,noise,5.21,noise,1.757931,signal
44,3,39,signal,6.48,noise,1.907182,noise
46,2,7,noise,5.33,noise,1.947219,noise
42,3,66,noise,7.42,noise,1.38258,signal
50,1,3,signal,6.1,noise,3.970587,signal
44,3,40,signal,7.05,noise,1.218733,signal
42,3,67,noise,9.33,noise,1.338572,signal
47,1,1,noise,5.93,noise,31.731435,noise
37,3,92,noise,3.81,noise,2.163954,noise
35,1,2,noise,4.58,noise,2.78989,noise
32,3,90,signal,6.78,noise,4.227663,signal
46,2,8,signal,7.75,signal,2.105516,signal
48,2,4,noise,4.71,noise,3.164045,noise
42,3,68,noise,6.37,noise,0.982501,noise
44,3,41,signal,6.55,noise,1.580818,noise
49,1,4,noise,6.36,noise,7.218989,noise
46,2,9,signal,7.52,noise,1.654798,noise
37,3,93,noise,5.57,noise,2.103244,noise
42,3,69,noise,6.21,noise,1.269647,noise
50,1,4,signal,6.38,noise,4.548334,noise
48,2,5,noise,6.83,noise,2.33754,signal
49,1,5,noise,3.74,noise,1.596492,noise
32,3,91,signal,7.64,signal,3.034141,signal
44,3,42,noise,4.14,noise,2.048848,noise
49,1,6,noise,5.28,noise,0.925177,noise
42,3,70,noise,8.26,noise,1.700984,signal
46,2,10,noise,5.64,noise,2.627489,noise
37,3,94,noise,2.7,noise,1.988274,noise
48,2,6,signal,6.47,signal,1.901162,signal
44,3,43,noise,8.27,noise,1.93049,signal
35,1,3,signal,6.29,signal,5.739778,signal
49,1,7,noise,4.23,noise,1.092227,noise
50,1,5,signal,6.64,noise,2.602625,noise
42,3,71,noise,6.69,noise,1.552524,signal
37,3,95,noise,5.27,noise,1.824848,noise
32,3,92,noise,4.57,signal,3.612308,noise
49,1,8,noise,5.25,noise,1.464256,noise
44,3,44,noise,7.98,noise,1.982748,signal
42,3,72,noise,6.45,noise,1.243341,signal
50,1,6,signal,4.77,noise,3.049114,noise
48,2,7,noise,6.47,signal,3.414133,signal
37,3,96,noise,6.25,noise,2.375885,noise
44,3,45,signal,6.4,noise,1.663264,noise
42,3,73,signal,7.87,signal,1.608496,signal
32,3,93,signal,5.56,signal,2.861165,noise
35,1,4,signal,6.08,noise,4.432735,noise
37,3,97,noise,6.33,noise,1.521679,noise
42,3,74,noise,6.64,noise,1.394786,noise
48,2,8,noise,6.51,noise,1.719551,noise
44,3,46,signal,4.3,noise,1.8696,noise
35,1,5,noise,6.14,noise,1.878454,noise
32,3,94,signal,6.71,signal,2.306932,signal
50,1,7,signal,5.42,signal,3.245913,signal
42,3,75,signal,6.9,signal,1.470496,signal
37,3,98,noise,6.15,noise,1.760788,noise
46,3,1,noise,5.77,noise,5.761105,noise
44,3,47,noise,6.66,noise,1.729599,noise
48,2,9,noise,7.06,noise,2.239412,noise
42,3,76,noise,5.76,noise,1.376307,noise
37,3,99,noise,5.09,noise,1.658215,noise
46,3,2,signal,8.26,signal,2.100445,signal
32,3,95,signal,7.22,noise,3.232878,signal
44,3,48,noise,5.82,noise,2.327191,noise
50,1,8,signal,4.98,noise,3.092926,noise
42,3,77,signal,4.82,signal,1.767076,signal
48,2,10,noise,6.06,noise,2.021494,noise
49,1,9,noise,6.32,noise,9.143512,noise
37,3,100,noise,5.39,noise,1.989768,noise
35,1,6,signal,5.9,noise,4.702302,noise
46,3,3,noise,6.57,signal,2.355419,noise
42,3,78,noise,6.73,noise,1.695181,noise
44,3,49,noise,4.91,noise,1.806213,noise
50,1,9,signal,5.85,noise,2.272311,noise
32,3,96,signal,6.78,signal,3.251949,noise
35,1,7,noise,4.69,noise,1.837215,noise
46,3,4,noise,4.09,noise,1.510796,noise
49,1,10,noise,5.66,noise,2.982286,noise
44,3,50,noise,5.69,noise,1.436408,noise
42,3,79,signal,5.1,signal,1.554038,signal
50,1,10,signal,5.04,signal,2.112236,signal
48,3,1,noise,7.62,noise,2.271089,noise
46,3,5,noise,7.02,noise,1.888026,noise
42,3,80,noise,8.31,noise,1.441775,noise
44,3,51,noise,6.05,noise,1.516192,noise
32,3,97,noise,6.37,noise,2.918502,signal
35,1,8,signal,6.58,noise,3.536031,noise
42,3,81,noise,7.05,noise,1.302846,noise
47,1,2,noise,4.76,signal,24.188717,noise
48,3,2,signal,4.78,signal,1.814128,noise
44,3,52,noise,6.5,noise,1.641235,noise
32,3,98,signal,7.82,signal,2.000337,signal
46,3,6,signal,7.89,signal,2.423183,signal
35,1,9,noise,5.25,noise,1.710619,noise
42,3,82,noise,6.88,noise,1.34611,signal
44,3,53,noise,5.2,noise,0.965193,noise
48,3,3,noise,8.69,noise,1.54006,noise
44,3,54,noise,3.79,noise,0.967045,noise
42,3,83,noise,7.76,noise,1.416446,noise
46,3,7,noise,5.46,noise,1.967125,noise
32,3,99,signal,6.91,noise,2.602589,noise
45,2,1,signal,7.24,noise,5.781015,noise
42,3,84,noise,5.81,noise,1.426088,noise
44,3,55,noise,8.12,noise,1.659255,signal
48,3,4,noise,5.05,noise,1.773261,noise
50,2,1,signal,7.31,signal,2.087287,signal
46,3,8,noise,7.43,noise,2.171753,signal
35,1,10,signal,7.58,noise,3.994084,signal
44,3,56,signal,5.69,noise,1.059783,noise
42,3,85,noise,7.79,signal,1.241682,signal
32,3,100,signal,8.7,signal,2.6619,signal
49,2,1,noise,6.12,noise,4.994946,noise
47,1,3,noise,4.74,noise,6.554053,noise
48,3,5,noise,4.47,noise,1.947339,noise
44,3,57,signal,7.81,noise,1.767367,signal
46,3,9,noise,5.93,noise,2.613989,noise
42,3,86,signal,6.92,signal,1.869811,signal
45,2,2,noise,7.51,signal,4.240468,noise
48,3,6,noise,7.28,noise,1.612867,noise
50,2,2,signal,5.43,signal,4.171325,noise
49,2,2,noise,6.78,noise,2.751719,noise
42,3,87,noise,6.04,noise,1.448234,noise
44,3,58,noise,4.99,noise,1.900853,noise
42,3,88,noise,8.26,noise,1.366293,signal
50,2,3,signal,6.02,signal,2.096678,signal
46,3,10,signal,7.87,signal,3.267349,signal
49,2,3,noise,8.05,noise,2.108838,signal
44,3,59,noise,7.41,noise,1.927167,noise
48,3,7,signal,7.69,signal,3.120662,signal
42,3,89,noise,6.6,noise,1.313874,noise
45,2,3,signal,5.82,noise,4.961505,noise
49,2,4,signal,9.42,signal,2.352072,signal
42,3,90,noise,6.2,noise,1.458308,noise
44,3,60,noise,5.37,noise,2.205385,noise
46,3,11,noise,5.64,noise,2.971868,noise
50,2,4,signal,4.66,noise,3.083235,noise
48,3,8,noise,7.1,noise,2.202274,noise
44,3,61,noise,7.93,noise,1.657451,signal
42,3,91,noise,3.85,noise,1.759572,noise
49,2,5,noise,5.97,noise,2.143259,signal
47,1,4,noise,5.24,noise,9.510495,noise
50,2,5,signal,5.62,signal,2.018727,signal
46,3,12,signal,8.72,signal,2.639586,signal
45,2,4,noise,6.74,noise,4.284838,noise
49,2,6,noise,4.23,noise,1.259428,noise
42,3,92,signal,6.24,signal,1.562163,noise
44,3,62,signal,6.27,noise,1.990648,noise
48,3,9,noise,4.79,noise,3.177251,noise
50,2,6,signal,6.92,noise,2.207133,noise
49,2,7,noise,6.03,noise,1.536637,noise
46,3,13,noise,5.76,signal,2.389925,signal
45,2,5,noise,6.06,noise,2.117118,noise
44,3,63,signal,4.97,noise,1.191311,noise
42,3,93,signal,6.78,signal,1.671222,signal
50,2,7,signal,7.47,signal,1.921201,signal
48,3,10,signal,5.35,signal,2.117048,signal
49,2,8,noise,5.27,noise,1.700099,noise
44,3,64,noise,5.2,noise,1.719051,noise
42,3,94,noise,6.57,signal,1.965328,signal
46,3,14,noise,5.16,noise,2.556526,noise
49,2,9,noise,7.24,noise,1.54854,signal
42,3,95,noise,4.43,noise,1.302199,noise
44,3,65,noise,6.72,noise,1.674164,noise
45,2,6,signal,7.89,noise,3.73025,signal
50,2,8,signal,8.29,signal,2.511887,signal
46,3,15,noise,5.46,noise,1.861571,noise
48,3,11,noise,6.79,noise,2.748776,noise
49,2,10,noise,6.85,noise,1.450067,noise
44,3,66,noise,4.8,noise,1.01643,noise
42,3,96,noise,6.32,noise,1.975021,noise
50,2,9,signal,6.97,noise,1.914866,noise
46,3,16,noise,5.88,noise,1.749827,noise
44,3,67,noise,7.76,noise,1.975046,signal
42,3,97,noise,6.85,noise,1.448249,noise
48,3,12,noise,5.07,noise,2.358213,noise
45,2,7,noise,4.54,noise,3.838763,noise
46,3,17,noise,5.33,noise,1.494217,noise
44,3,68,signal,2.22,noise,1.802491,noise
50,2,10,signal,7.96,noise,2.686295,noise
42,3,98,noise,7.21,noise,1.804979,noise
49,3,1,noise,7.91,noise,2.693816,signal
48,3,13,signal,7.17,signal,1.792657,signal
47,1,5,noise,7.52,signal,13.29533,noise
46,3,18,signal,7.75,signal,2.020217,signal
42,3,99,noise,7.59,noise,1.359113,noise
44,3,69,noise,6.15,noise,2.374539,noise
49,3,2,noise,7.91,noise,2.145777,signal
48,3,14,noise,4.71,noise,1.901223,noise
42,3,100,noise,5.9,noise,1.30599,noise
46,3,19,noise,7.52,noise,2.418091,noise
45,2,8,signal,5.98,noise,6.004233,noise
48,3,15,noise,6.83,noise,1.5996,signal
49,3,3,signal,6.38,noise,2.054377,noise
44,3,70,noise,6.23,noise,2.369215,noise
46,3,20,noise,5.64,noise,2.22648,noise
49,3,4,noise,6.36,noise,1.210301,noise
44,3,71,noise,4.13,noise,1.503475,noise
48,3,16,noise,6.47,signal,1.610471,signal
47,1,6,noise,5.6,signal,6.860649,noise
44,3,72,noise,5.52,noise,1.07076,noise
45,2,9,signal,6.08,noise,3.148265,noise
46,3,21,noise,6.17,noise,2.67338,noise
49,3,5,noise,3.74,noise,2.41155,noise
48,3,17,signal,6.47,signal,1.62035,signal
44,3,73,noise,5.65,noise,2.178666,noise
45,2,10,signal,8.28,signal,2.520636,noise
49,3,6,noise,5.28,noise,1.88481,noise
48,3,18,signal,6.51,noise,1.93156,noise
49,3,7,noise,4.23,noise,1.057323,noise
46,3,22,signal,7.69,signal,3.73701,signal
44,3,74,noise,7.21,noise,1.836487,signal
47,1,7,noise,7.73,signal,5.501745,signal
48,3,19,noise,7.06,noise,1.842222,noise
44,3,75,signal,4.61,noise,1.30054,noise
49,3,8,noise,5.25,noise,1.836872,noise
46,3,23,noise,3.43,noise,2.011145,noise
44,3,76,noise,7.33,noise,0.99758,signal
49,3,9,noise,6.32,noise,1.070203,noise
44,3,77,noise,5.91,noise,0.966298,noise
46,3,24,signal,4.25,signal,1.925832,noise
49,3,10,noise,5.66,noise,1.163225,noise
47,1,8,noise,5.66,noise,3.460829,noise
49,3,11,noise,6.12,noise,1.324971,noise
44,3,78,signal,6.2,noise,2.504728,noise
49,3,12,noise,6.78,noise,1.355974,noise
46,3,25,noise,4.49,signal,4.35422,noise
49,3,13,noise,8.05,noise,1.137894,signal
47,1,9,noise,5.7,noise,4.118808,noise
49,3,14,noise,9.42,signal,1.18671,signal
44,3,79,noise,7.23,noise,4.038281,noise
49,3,15,signal,5.97,noise,1.171629,signal
46,3,26,signal,7.82,signal,3.151116,signal
44,3,80,noise,6.85,noise,1.085976,signal
49,3,16,noise,4.23,noise,1.564722,noise
44,3,81,noise,3.84,noise,1.15098,noise
50,3,1,signal,7.59,signal,3.430169,signal
47,1,10,noise,4.03,noise,5.2392,noise
49,3,17,noise,6.03,noise,1.075178,noise
46,3,27,noise,6.54,signal,3.020484,signal
44,3,82,noise,6.3,noise,1.180211,noise
44,3,83,noise,6.34,noise,1.140189,noise
49,3,18,noise,5.27,noise,1.92495,noise
50,3,2,noise,6.76,noise,2.748261,noise
44,3,84,signal,6.19,noise,1.194987,noise
49,3,19,noise,7.24,noise,1.439329,signal
45,3,1,noise,7.03,noise,6.473487,noise
46,3,28,noise,6.47,noise,3.46258,noise
44,3,85,noise,6.7,noise,1.065104,noise
50,3,3,noise,6.1,noise,2.42145,signal
49,3,20,noise,6.85,noise,1.49535,noise
44,3,86,noise,5.41,noise,1.001996,noise
46,3,29,noise,6.22,signal,2.586396,signal
49,3,21,noise,5.1,noise,1.387256,noise
44,3,87,noise,6.25,noise,1.009276,noise
50,3,4,noise,6.38,noise,2.354235,noise
44,3,88,noise,5.95,noise,1.209393,signal
49,3,22,noise,6.02,noise,1.366457,noise
46,3,30,noise,6.1,noise,1.911556,noise
45,3,2,noise,7.71,noise,5.900123,signal
50,3,5,noise,6.64,noise,2.327698,noise
49,3,23,noise,7.14,noise,1.333034,noise
44,3,89,noise,7.7,noise,1.35191,signal
44,3,90,noise,5.29,noise,1.036063,noise
46,3,31,signal,7.81,signal,2.897526,signal
49,3,24,noise,7.48,noise,1.907568,noise
50,3,6,noise,4.77,noise,2.089232,noise
44,3,91,noise,8.26,noise,1.089206,signal
49,3,25,noise,6.51,noise,1.102104,noise
44,3,92,signal,4.4,noise,1.505038,noise
46,3,32,signal,6.45,signal,2.483198,noise
45,3,3,noise,5.34,noise,4.355435,noise
50,3,7,signal,5.42,signal,2.221487,signal
49,3,26,noise,7.33,noise,1.180681,noise
44,3,93,signal,7.13,noise,1.028085,signal
49,3,27,noise,8.43,noise,1.104789,signal
46,3,33,signal,7.23,signal,1.687997,signal
44,3,94,noise,5.09,noise,1.04854,noise
49,3,28,noise,4.98,noise,1.08586,noise
50,3,8,noise,4.98,noise,2.378641,noise
45,3,4,noise,6.19,noise,2.922745,noise
44,3,95,noise,4.75,noise,1.646129,noise
49,3,29,noise,6.65,noise,1.14428,noise
46,3,34,noise,3.62,noise,2.310639,noise
44,3,96,noise,5.53,noise,1.109292,noise
50,3,9,noise,5.85,noise,2.167155,noise
49,3,30,noise,5.6,noise,1.093332,noise
45,3,5,noise,5.59,noise,2.277921,noise
46,3,35,noise,4.58,noise,1.96414,noise
44,3,97,noise,6.75,noise,1.128653,noise
49,3,31,noise,4.59,noise,1.968295,noise
44,3,98,noise,6.5,noise,1.010235,noise
50,3,10,signal,5.04,signal,2.173222,signal
35,2,1,noise,5.85,noise,4.414205,noise
44,3,99,noise,6.27,noise,1.052624,signal
45,3,6,signal,7.38,noise,3.330493,noise
46,3,36,signal,7.18,signal,2.710688,signal
50,3,11,signal,7.31,signal,2.061304,signal
49,3,32,noise,7.38,noise,2.250449,noise
44,3,100,noise,6.14,noise,1.183191,noise
49,3,33,noise,6.71,noise,1.258163,signal
50,3,12,signal,5.43,signal,2.06515,noise
45,3,7,noise,6.53,noise,3.119046,noise
35,2,2,signal,6.37,noise,4.198354,noise
46,3,37,noise,4.61,noise,3.343228,noise
49,3,34,noise,5.09,noise,1.652543,noise
50,3,13,signal,6.02,signal,1.81461,signal
49,3,35,noise,3.88,noise,1.044386,noise
46,3,38,noise,4.04,noise,1.965955,noise
35,2,3,noise,5.06,noise,2.657737,noise
49,3,36,noise,4.44,noise,1.008805,noise
45,3,8,signal,5.84,signal,3.946051,signal
50,3,14,noise,4.66,noise,2.32936,noise
46,3,39,noise,5.74,noise,2.101302,noise
49,3,37,noise,5.66,noise,1.139191,noise
48,3,20,noise,6.06,noise,45.045051,noise
35,2,4,noise,5.81,noise,2.343274,noise
49,3,38,noise,3.67,noise,1.253892,noise
46,3,40,noise,4.19,noise,1.852604,noise
50,3,15,signal,5.62,signal,1.929597,signal
49,3,39,noise,5.9,noise,1.056545,noise
45,3,9,signal,7.49,noise,3.209203,noise
46,3,41,noise,3.42,noise,1.566272,noise
50,3,16,noise,6.92,noise,2.236324,noise
35,2,5,signal,4.21,noise,3.535624,noise
49,3,40,noise,4.27,noise,1.797802,noise
45,3,10,signal,8.04,signal,2.259255,signal
46,3,42,signal,6.01,signal,2.246378,noise
35,2,6,noise,4.56,noise,1.661069,noise
50,3,17,signal,7.47,signal,2.101263,signal
49,3,41,noise,4.29,noise,1.923249,noise
49,3,42,noise,5.32,noise,1.538089,noise
46,3,43,noise,5.98,noise,3.021149,noise
50,3,18,signal,8.29,signal,2.483759,signal
35,2,7,noise,6.43,noise,3.407909,noise
45,3,11,noise,7.24,noise,5.189813,noise
46,3,44,noise,9.91,signal,1.581172,signal
49,3,43,noise,4.9,noise,1.92929,noise
50,3,19,noise,6.97,noise,2.257541,noise
49,3,44,noise,6.78,noise,1.187826,signal
46,3,45,noise,3.74,noise,2.037722,noise
45,3,12,signal,7.51,signal,2.858514,noise
50,3,20,noise,7.96,noise,1.916504,noise
49,3,45,noise,4.52,noise,2.647127,noise
46,3,46,noise,5.21,noise,2.902599,noise
50,3,21,signal,7.1,signal,2.045151,signal
45,3,13,noise,5.82,noise,2.813977,noise
49,3,46,noise,7.29,noise,1.699269,signal
46,3,47,signal,7.84,signal,2.032045,signal
48,3,21,noise,6.49,noise,17.781917,noise
45,3,14,noise,6.74,noise,1.879276,noise
50,3,22,signal,8.19,signal,2.140105,signal
49,3,47,noise,6.89,noise,1.91522,signal
46,3,48,signal,8.2,signal,1.429229,signal
35,2,8,noise,4.56,noise,10.811826,noise
45,3,15,noise,6.06,noise,2.002138,noise
48,3,22,noise,6.67,noise,1.974109,noise
50,3,23,noise,3.75,noise,2.14425,noise
49,3,48,signal,8.93,signal,1.923247,signal
46,3,49,signal,7.31,noise,1.526869,noise
49,3,49,noise,6.1,noise,1.7571,noise
50,3,24,signal,8.1,signal,2.053797,signal
46,3,50,signal,7.51,signal,2.293577,signal
35,2,9,noise,5.45,noise,3.250888,noise
49,3,50,noise,4.21,noise,1.071088,noise
48,3,23,signal,5.9,signal,2.942142,noise
45,3,16,signal,7.89,noise,4.31416,signal
46,3,51,noise,6.82,noise,1.611013,noise
50,3,25,signal,7.0,signal,1.854221,signal
49,3,51,noise,4.8,noise,1.64289,noise
46,3,52,noise,5.87,noise,1.453961,noise
49,3,52,noise,5.6,noise,0.951033,noise
50,3,26,noise,6.92,noise,1.950472,noise
45,3,17,noise,4.54,noise,2.30516,noise
48,3,24,noise,6.73,noise,3.276029,signal
35,2,10,signal,6.01,noise,4.180082,noise
46,3,53,signal,7.0,signal,2.022231,signal
49,3,53,noise,5.69,noise,1.795885,noise
50,3,27,noise,7.02,noise,1.91881,signal
49,3,54,noise,6.21,noise,1.134589,noise
48,3,25,noise,6.37,noise,2.232421,noise
49,3,55,noise,6.72,noise,0.911807,signal
50,3,28,signal,7.36,signal,2.078858,noise
46,3,54,signal,8.79,signal,3.229524,signal
45,3,18,signal,5.98,noise,4.477532,noise
48,3,26,noise,4.75,noise,1.846877,noise
49,3,56,noise,5.22,noise,1.694534,noise
50,3,29,noise,4.56,noise,2.049182,noise
49,3,57,noise,3.99,noise,1.066395,noise
48,3,27,noise,5.83,noise,1.71697,noise
46,3,55,signal,5.06,signal,2.834216,signal
50,3,30,signal,7.43,signal,1.849082,signal
45,3,19,noise,6.08,noise,3.90493,noise
46,3,56,signal,6.43,noise,1.507992,noise
49,3,58,noise,7.06,noise,2.138069,signal
48,3,28,signal,6.86,signal,2.658911,noise
50,3,31,noise,7.41,noise,1.937702,noise
46,3,57,signal,7.2,signal,1.839955,signal
45,3,20,signal,8.28,signal,2.310395,noise
49,3,59,noise,5.27,noise,1.636129,noise
48,3,29,noise,7.19,noise,1.783232,noise
50,3,32,noise,4.91,noise,2.271744,noise
46,3,58,noise,4.82,signal,1.984671,noise
49,3,60,noise,6.77,noise,1.874843,noise
50,3,33,signal,8.89,signal,1.915447,signal
49,3,61,noise,4.13,noise,2.063681,noise
45,3,21,noise,6.23,noise,4.482929,noise
49,3,62,noise,6.14,noise,0.973093,noise
50,3,34,signal,7.27,signal,1.849378,signal
46,3,59,noise,6.11,noise,4.186802,noise
45,3,22,noise,7.07,noise,2.210268,noise
49,3,63,noise,5.29,noise,1.883136,noise
50,3,35,noise,7.33,noise,1.838557,noise
46,3,60,noise,5.73,noise,1.721986,noise
49,3,64,noise,3.44,noise,1.3977,noise
45,3,23,noise,6.17,noise,2.209379,noise
50,3,36,noise,7.27,noise,1.880228,noise
46,3,61,signal,7.0,signal,1.882363,signal
49,3,65,noise,6.19,noise,1.089288,noise
48,3,30,noise,7.14,noise,8.909553,signal
45,3,24,noise,6.52,noise,2.199032,noise
50,3,37,noise,4.38,noise,1.814687,noise
46,3,62,noise,5.02,noise,2.229541,noise
49,3,66,noise,4.12,noise,1.906816,noise
50,3,38,noise,4.67,noise,1.855388,noise
45,3,25,noise,4.96,noise,2.437598,noise
49,3,67,noise,5.09,noise,1.541127,noise
48,3,31,noise,5.6,noise,3.550058,noise
46,3,63,signal,8.07,signal,2.284156,signal
49,3,68,noise,8.33,noise,1.223634,signal
50,3,39,noise,7.08,noise,2.12661,signal
45,3,26,noise,6.39,noise,2.507294,signal
46,3,64,noise,6.34,noise,2.070328,noise
48,3,32,signal,6.04,signal,2.18379,signal
49,3,69,noise,5.73,noise,1.473974,noise
50,3,40,signal,7.59,signal,2.334248,signal
49,3,70,noise,4.26,noise,1.019988,noise
49,3,71,noise,5.02,noise,1.20321,noise
46,3,65,noise,4.44,noise,2.820138,noise
50,3,41,signal,7.23,signal,2.052322,signal
49,3,72,noise,5.95,noise,1.18147,noise
45,3,27,noise,7.23,noise,4.90547,noise
46,3,66,noise,4.37,noise,1.42957,noise
48,3,33,noise,5.94,noise,2.425065,noise
49,3,73,noise,6.68,noise,1.412901,noise
50,3,42,noise,3.07,noise,2.304835,noise
46,3,67,noise,4.27,noise,1.354589,noise
45,3,28,noise,6.19,noise,2.251085,noise
48,3,34,noise,5.46,noise,1.59056,noise
49,3,74,noise,7.76,noise,1.109446,signal
50,3,43,signal,6.68,signal,2.184702,signal
49,3,75,noise,5.75,noise,1.092211,noise
46,3,68,signal,8.66,signal,2.713777,signal
45,3,29,noise,5.42,noise,1.992353,noise
47,2,1,noise,6.87,signal,8.003299,noise
49,3,76,noise,6.21,noise,1.256547,noise
50,3,44,signal,6.56,signal,2.21674,noise
46,3,69,signal,6.96,signal,1.95551,signal
49,3,77,noise,4.78,noise,1.058767,noise
48,3,35,signal,6.73,signal,4.507504,signal
49,3,78,noise,5.93,noise,1.063452,noise
46,3,70,noise,5.81,noise,1.923227,noise
50,3,45,signal,6.73,signal,2.493926,signal
45,3,30,signal,7.0,noise,4.469626,noise
47,2,2,signal,7.86,signal,4.995781,signal
49,3,79,noise,2.99,noise,1.816464,noise
46,3,71,noise,4.34,noise,2.071582,noise
49,3,80,noise,4.9,noise,1.041581,noise
50,3,46,noise,5.08,noise,2.169533,noise
48,3,36,noise,6.89,noise,3.947699,signal
45,3,31,noise,6.04,noise,3.114804,noise
49,3,81,noise,4.52,noise,1.024514,noise
46,3,72,signal,7.82,signal,2.365279,signal
50,3,47,signal,5.92,signal,2.054941,signal
47,2,3,noise,5.43,noise,3.836539,noise
48,3,37,signal,7.27,signal,2.099316,signal
45,3,32,noise,6.43,noise,1.900133,noise
49,3,82,signal,4.33,signal,2.052867,noise
50,3,48,noise,6.01,noise,2.004141,signal
46,3,73,noise,5.38,noise,2.689229,noise
49,3,83,signal,5.92,noise,1.87186,noise
48,3,38,noise,8.91,noise,1.829249,signal
45,3,33,noise,7.46,noise,2.458355,noise
47,2,4,signal,8.03,noise,4.449968,noise
46,3,74,noise,6.28,noise,2.370233,noise
49,3,84,noise,6.17,noise,1.902777,noise
50,3,49,noise,7.15,noise,3.001325,noise
45,3,34,signal,5.94,signal,2.331348,signal
48,3,39,noise,5.97,noise,2.42191,signal
46,3,75,noise,7.29,noise,1.394225,signal
49,3,85,signal,4.71,signal,1.720814,noise
50,3,50,noise,5.06,noise,2.395593,noise
46,3,76,signal,4.09,signal,1.768967,noise
48,3,40,noise,5.16,noise,1.83458,noise
45,3,35,signal,4.71,signal,2.775718,signal
49,3,86,noise,6.71,noise,1.933257,noise
46,3,77,signal,5.4,signal,1.446983,noise
50,3,51,signal,7.19,signal,2.205539,signal
49,3,87,noise,6.03,noise,1.073045,noise
48,3,41,noise,5.37,noise,1.613403,noise
46,3,78,signal,5.11,signal,1.450171,noise
47,2,5,signal,7.87,noise,7.452687,signal
48,3,42,noise,6.12,noise,1.390903,noise
50,3,52,noise,6.94,noise,2.11725,signal
49,3,88,noise,5.42,noise,1.825921,noise
46,3,79,noise,6.11,noise,2.067217,noise
49,3,89,noise,6.55,noise,1.18844,signal
45,3,36,signal,8.42,noise,5.296916,noise
48,3,43,noise,5.98,noise,1.537943,noise
50,3,53,noise,4.52,noise,1.848657,noise
46,3,80,noise,4.95,noise,1.957941,noise
47,2,6,noise,5.71,noise,3.247472,noise
49,3,90,noise,4.14,noise,1.807487,noise
48,3,44,signal,7.61,signal,2.066796,signal
45,3,37,signal,4.45,signal,2.619566,noise
46,3,81,noise,4.44,noise,1.60278,noise
49,3,91,noise,7.16,noise,1.977883,noise
46,3,82,noise,5.59,noise,1.539766,noise
50,3,54,signal,6.25,signal,4.058856,signal
45,3,38,noise,6.44,noise,1.840995,noise
48,3,45,noise,6.57,noise,2.261368,signal
49,3,92,noise,5.66,signal,1.281929,noise
46,3,83,noise,3.66,noise,1.646432,noise
47,2,7,signal,9.34,noise,4.324667,signal
50,3,55,signal,8.84,signal,1.960201,signal
45,3,39,noise,7.39,noise,1.936421,noise
46,3,84,noise,4.19,noise,1.396573,noise
48,3,46,noise,5.58,noise,2.157953,noise
49,3,93,noise,6.5,noise,2.19068,noise
45,3,40,noise,4.16,noise,1.818481,noise
46,3,85,noise,4.84,noise,1.319445,noise
50,3,56,noise,6.76,noise,2.448325,noise
49,3,94,signal,8.92,signal,2.04723,signal
45,3,41,noise,6.89,noise,1.795606,signal
48,3,47,signal,5.24,signal,2.599016,noise
46,3,86,signal,7.67,signal,1.808315,signal
50,3,57,noise,7.92,noise,1.962401,noise
49,3,95,noise,4.93,noise,1.871114,noise
46,3,87,signal,5.09,noise,1.29952,noise
45,3,42,noise,7.1,noise,1.899005,noise
47,2,8,noise,6.73,noise,7.119751,signal
50,3,58,signal,8.21,signal,2.097697,noise
49,3,96,noise,4.6,noise,1.604116,noise
48,3,48,signal,6.43,signal,2.891542,noise
46,3,88,noise,8.41,noise,1.909383,signal
45,3,43,noise,4.42,noise,2.117725,noise
46,3,89,noise,6.49,noise,1.281371,noise
49,3,97,noise,6.18,noise,1.562639,noise
50,3,59,signal,7.54,signal,2.183963,signal
47,2,9,signal,8.71,signal,3.809669,signal
49,3,98,noise,6.3,noise,0.954873,noise
46,3,90,noise,6.49,noise,1.704507,noise
45,3,44,noise,6.0,noise,2.875073,noise
48,3,49,signal,5.71,signal,4.111504,signal
50,3,60,noise,4.78,noise,2.400775,noise
46,3,91,noise,4.99,noise,1.307492,noise
49,3,99,noise,5.48,noise,1.245048,noise
45,3,45,noise,5.52,noise,2.119281,noise
49,3,100,noise,5.36,noise,1.31136,noise
46,3,92,noise,7.25,noise,1.541541,signal
48,3,50,noise,6.35,noise,2.156372,signal
50,3,61,signal,7.79,signal,2.273339,signal
45,3,46,noise,5.37,noise,1.890327,noise
46,3,93,noise,5.85,noise,1.888131,noise
47,2,10,noise,6.25,noise,5.734207,noise
50,3,62,noise,6.32,noise,2.083924,signal
45,3,47,noise,6.22,noise,1.730171,noise
48,3,51,noise,6.32,noise,2.4685,noise
46,3,94,noise,6.99,noise,1.496717,noise
46,3,95,noise,4.53,noise,1.510134,noise
50,3,63,signal,7.08,signal,2.274639,noise
45,3,48,noise,6.22,noise,2.245454,noise
46,3,96,noise,6.55,noise,1.462007,noise
50,3,64,signal,6.85,signal,1.958974,signal
45,3,49,noise,7.67,noise,2.034483,noise
46,3,97,noise,4.63,noise,1.348763,noise
48,3,52,signal,7.03,signal,4.962169,noise
50,3,65,signal,9.04,signal,2.147744,signal
45,3,50,noise,5.17,noise,1.887949,noise
46,3,98,noise,5.48,noise,1.873523,noise
48,3,53,noise,4.63,noise,2.266784,noise
50,3,66,signal,7.8,signal,1.884659,signal
45,3,51,noise,7.03,noise,1.914482,noise
46,3,99,signal,6.91,signal,2.175303,signal
46,3,100,signal,6.92,noise,1.079807,noise
45,3,52,noise,6.47,noise,1.822863,signal
50,3,67,noise,4.53,noise,2.158683,noise
48,3,54,noise,5.38,noise,3.480828,noise
45,3,53,noise,5.51,noise,1.928698,noise
50,3,68,signal,7.76,signal,2.121478,signal
45,3,54,noise,5.0,noise,1.679149,signal
50,3,69,signal,6.02,signal,2.021833,signal
45,3,55,noise,7.43,noise,1.854375,signal
48,3,55,signal,7.9,signal,5.508659,signal
50,3,70,noise,7.13,noise,3.291149,noise
45,3,56,signal,6.72,signal,2.799783,signal
50,3,71,noise,6.58,noise,2.041541,noise
45,3,57,noise,6.41,noise,2.368477,noise
50,3,72,noise,9.4,noise,2.062448,noise
45,3,58,noise,6.2,noise,2.191668,noise
48,3,56,noise,4.96,noise,5.978276,noise
50,3,73,signal,6.15,signal,2.247309,signal
48,3,57,noise,7.03,noise,1.634557,signal
45,3,59,noise,7.14,noise,2.288859,noise
45,3,60,noise,6.83,noise,1.728523,noise
48,3,58,noise,5.59,noise,2.439011,noise
50,3,74,noise,5.79,noise,3.683836,noise
45,3,61,noise,7.19,noise,1.719448,noise
50,3,75,noise,5.56,noise,1.846649,noise
48,3,59,signal,7.42,signal,1.842433,signal
45,3,62,noise,5.67,noise,1.997958,noise
50,3,76,noise,4.86,noise,1.917733,noise
48,3,60,signal,6.9,signal,1.879015,signal
45,3,63,noise,6.54,noise,1.754343,noise
50,3,77,signal,6.4,signal,1.895657,signal
45,3,64,noise,5.35,noise,1.759556,noise
48,3,61,noise,6.5,noise,2.147825,noise
50,3,78,noise,3.2,noise,1.988546,noise
45,3,65,noise,5.63,noise,1.814633,signal
48,3,62,noise,5.31,noise,1.88708,noise
47,3,1,noise,5.93,noise,5.312266,noise
50,3,79,noise,7.32,noise,1.74031,noise
45,3,66,noise,7.52,noise,1.704208,noise
48,3,63,noise,7.29,noise,1.351565,noise
50,3,80,signal,7.42,signal,1.887573,signal
45,3,67,noise,8.01,noise,2.005776,noise
50,3,81,signal,6.28,signal,1.841235,signal
45,3,68,noise,4.57,noise,1.84321,noise
48,3,64,noise,6.24,noise,2.533022,noise
47,3,2,noise,4.76,signal,6.050683,noise
50,3,82,signal,7.88,signal,1.72894,signal
45,3,69,signal,5.2,signal,2.511688,noise
48,3,65,noise,6.49,signal,1.563116,signal
50,3,83,signal,6.86,signal,1.711229,signal
45,3,70,noise,7.11,noise,1.717163,noise
47,3,3,noise,4.74,noise,3.587042,noise
48,3,66,noise,6.91,noise,1.856233,noise
50,3,84,noise,6.22,noise,2.10364,noise
45,3,71,signal,7.76,signal,2.452414,signal
48,3,67,noise,5.24,noise,1.690869,noise
50,3,85,noise,8.43,noise,1.812884,signal
47,3,4,noise,5.24,noise,3.580312,noise
45,3,72,noise,5.61,noise,1.752037,noise
48,3,68,noise,6.37,noise,1.84055,noise
50,3,86,signal,7.02,signal,2.464014,signal
45,3,73,noise,5.93,noise,1.837716,noise
48,3,69,noise,6.24,signal,1.711482,signal
50,3,87,signal,5.87,signal,2.074951,noise
45,3,74,noise,5.1,noise,1.886858,noise
45,3,75,noise,6.98,noise,1.513128,noise
50,3,88,noise,4.89,noise,1.810873,noise
47,3,5,signal,7.52,signal,6.172485,noise
48,3,70,noise,6.12,noise,2.783535,noise
45,3,76,noise,7.28,noise,1.626639,noise
50,3,89,noise,6.66,noise,1.77569,noise
45,3,77,noise,6.58,noise,1.757272,noise
50,3,90,noise,5.75,noise,2.158373,noise
45,3,78,noise,6.57,noise,1.715991,noise
48,3,71,noise,6.96,noise,2.29703,noise
47,3,6,noise,5.6,signal,5.459221,noise
50,3,91,noise,7.36,noise,1.890597,noise
45,3,79,noise,2.07,noise,1.60867,noise
50,3,92,noise,4.2,noise,1.791722,noise
45,3,80,noise,6.38,noise,1.763788,noise
47,3,7,signal,7.73,signal,3.537162,signal
50,3,93,noise,7.62,noise,1.846775,signal
45,3,81,noise,3.67,noise,1.738738,noise
48,3,72,noise,6.58,noise,6.156397,noise
50,3,94,noise,5.64,noise,1.882965,noise
45,3,82,noise,9.44,noise,1.919893,signal
47,3,8,noise,5.66,noise,4.199247,noise
50,3,95,signal,4.96,signal,2.022945,signal
45,3,83,noise,6.22,noise,2.146525,noise
47,3,9,noise,5.7,noise,2.689582,noise
50,3,96,noise,4.79,noise,2.024521,noise
48,3,73,noise,5.49,noise,4.664534,noise
45,3,84,noise,6.21,noise,2.03297,noise
50,3,97,signal,6.03,signal,1.894716,signal
45,3,85,noise,4.79,noise,1.929718,noise
47,3,10,noise,4.03,noise,3.19486,noise
50,3,98,noise,5.0,noise,2.212297,noise
45,3,86,signal,6.11,signal,2.905056,noise
50,3,99,signal,7.69,signal,2.050961,signal
45,3,87,noise,7.07,noise,1.688078,signal
47,3,11,signal,6.87,signal,4.752139,noise
50,3,100,signal,6.95,signal,1.986387,signal
45,3,88,noise,6.84,noise,2.189381,signal
47,3,12,signal,7.86,signal,3.476908,signal
45,3,89,noise,5.29,noise,1.93399,noise
48,3,74,signal,6.86,signal,12.764871,signal
45,3,90,noise,7.04,noise,1.766215,noise
47,3,13,noise,5.43,noise,3.302807,noise
45,3,91,noise,4.92,noise,1.602385,noise
45,3,92,noise,5.48,noise,1.550311,noise
45,3,93,noise,7.36,noise,1.579937,noise
47,3,14,signal,8.03,noise,4.224598,noise
45,3,94,noise,6.34,noise,1.631662,noise
45,3,95,noise,5.07,noise,1.454857,noise
45,3,96,noise,5.54,noise,1.660962,noise
47,3,15,signal,7.87,noise,5.047502,signal
45,3,97,noise,6.84,noise,1.622554,noise
47,3,16,noise,5.71,noise,2.715758,noise
45,3,98,signal,7.63,signal,2.374765,signal
48,3,75,noise,5.6,noise,15.636034,noise
45,3,99,noise,5.72,noise,1.863926,noise
47,3,17,signal,9.34,noise,3.341441,signal
48,3,76,noise,6.3,noise,2.11054,noise
45,3,100,noise,7.46,signal,2.865706,signal
48,3,77,noise,4.64,noise,1.630446,noise
48,3,78,noise,6.07,noise,1.863339,noise
48,3,79,noise,6.03,noise,1.947615,noise
47,3,18,noise,6.73,noise,13.590199,signal
47,3,19,signal,8.71,signal,4.473971,signal
48,3,80,signal,5.32,signal,10.078269,noise
48,3,81,signal,6.4,signal,3.305346,signal
47,3,20,noise,6.25,noise,4.112297,noise
47,3,21,noise,6.57,noise,3.460811,noise
48,3,82,signal,7.74,signal,4.52673,signal
47,3,22,noise,4.23,noise,3.579339,noise
47,3,23,noise,5.42,noise,3.660115,noise
48,3,83,noise,6.68,noise,6.932971,noise
48,3,84,noise,6.41,noise,1.679509,noise
47,3,24,signal,7.84,signal,3.418487,signal
48,3,85,signal,6.28,signal,3.716227,signal
47,3,25,noise,6.75,noise,3.721644,noise
48,3,86,noise,8.08,noise,1.873408,signal
47,3,26,noise,5.07,noise,3.268859,noise
48,3,87,noise,7.36,noise,2.452437,noise
47,3,27,signal,9.53,noise,3.159856,signal
47,3,28,noise,4.99,noise,3.707127,noise
48,3,88,signal,6.92,signal,5.452765,signal
47,3,29,signal,7.59,noise,4.512564,signal
48,3,89,noise,7.36,noise,3.741314,signal
47,3,30,signal,7.81,noise,3.954644,signal
48,3,90,signal,4.32,signal,4.948311,noise
47,3,31,noise,6.8,noise,3.8291,noise
48,3,91,signal,7.19,signal,4.150905,signal
47,3,32,noise,5.15,noise,3.239013,noise
47,3,33,noise,5.7,signal,3.20156,noise
48,3,92,signal,8.03,signal,3.2046,signal
48,3,93,noise,7.38,noise,2.361896,signal
47,3,34,signal,7.7,noise,4.056717,signal
48,3,94,noise,7.09,noise,2.310032,noise
48,3,95,noise,6.9,noise,1.621651,noise
47,3,35,noise,4.49,noise,3.879549,noise
47,3,36,signal,8.53,noise,2.977942,signal
48,3,96,signal,6.55,signal,3.849355,signal
47,3,37,noise,5.35,signal,3.637219,noise
48,3,97,noise,8.15,noise,3.406691,signal
47,3,38,signal,7.17,signal,3.773816,signal
48,3,98,noise,7.02,noise,3.444124,noise
48,3,99,noise,5.47,noise,1.82034,noise
47,3,39,noise,5.02,noise,3.367795,noise
48,3,100,noise,5.83,noise,1.899514,noise
47,3,40,noise,5.86,signal,2.854517,signal
47,3,41,noise,5.55,noise,3.701016,noise
47,3,42,noise,3.84,noise,4.343118,noise
47,3,43,noise,6.77,noise,3.563924,signal
47,3,44,noise,4.4,noise,2.585822,noise
47,3,45,noise,5.37,noise,2.714359,noise
47,3,46,noise,5.05,noise,4.756651,noise
47,3,47,noise,6.81,signal,5.579876,signal
47,3,48,noise,6.05,noise,4.639692,noise
47,3,49,noise,5.04,noise,3.486485,noise
47,3,50,noise,4.68,signal,3.883824,noise
47,3,51,noise,5.87,noise,3.505516,noise
47,3,52,noise,5.51,noise,4.634692,noise
47,3,53,noise,4.89,noise,3.472621,noise
47,3,54,noise,6.23,noise,3.446735,noise
47,3,55,noise,7.16,noise,6.031962,signal
47,3,56,noise,5.3,noise,2.613934,noise
47,3,57,signal,9.3,noise,5.753854,signal
47,3,58,noise,5.51,noise,2.519314,noise
47,3,59,noise,4.99,noise,2.473786,noise
47,3,60,noise,4.65,noise,4.623525,noise
47,3,61,noise,5.31,noise,2.716001,noise
47,3,62,noise,6.49,noise,3.431886,signal
47,3,63,signal,7.65,noise,3.56634,signal
47,3,64,noise,5.28,noise,2.666151,noise
47,3,65,noise,4.46,noise,2.405006,noise
47,3,66,noise,5.73,noise,2.46764,noise
47,3,67,noise,5.19,noise,3.53973,noise
47,3,68,noise,5.48,noise,2.833579,noise
47,3,69,signal,7.59,signal,3.083247,signal
47,3,70,noise,5.78,noise,3.165632,noise
47,3,71,signal,8.13,noise,3.012342,signal
47,3,72,signal,7.54,signal,3.112712,signal
47,3,73,noise,6.12,signal,1.975877,signal
47,3,74,signal,9.18,noise,5.247349,signal
47,3,75,signal,7.18,noise,2.582332,signal
47,3,76,signal,6.72,noise,3.045976,noise
47,3,77,signal,7.27,noise,3.754222,noise
47,3,78,noise,4.73,noise,7.377281,noise
47,3,79,signal,6.35,signal,4.334288,signal
47,3,80,noise,5.78,noise,3.257761,noise
47,3,81,noise,5.56,signal,2.190469,noise
47,3,82,signal,7.98,signal,2.826353,signal
47,3,83,noise,6.08,noise,3.2898,signal
47,3,84,noise,6.04,noise,2.407924,noise
47,3,85,noise,5.06,noise,3.131683,noise
47,3,86,noise,4.97,noise,3.177808,noise
47,3,87,signal,7.07,noise,3.364155,signal
47,3,88,noise,4.89,noise,2.841894,noise
47,3,89,noise,5.17,noise,2.585414,noise
47,3,90,signal,7.91,signal,2.673192,signal
47,3,91,noise,5.53,noise,5.442597,noise
47,3,92,noise,5.11,noise,3.306206,noise
47,3,93,noise,5.2,noise,2.422874,noise
47,3,94,noise,4.29,noise,2.526347,noise
47,3,95,signal,7.49,signal,3.621685,signal
47,3,96,signal,7.21,noise,3.544619,signal
47,3,97,noise,5.57,noise,2.87395,noise
47,3,98,signal,7.28,signal,3.339722,signal
47,3,99,noise,6.25,noise,9.459512,noise
35,3,1,noise,4.82,noise,3.96917,noise
35,3,2,noise,4.58,noise,2.517883,noise
47,3,100,noise,4.89,noise,6.105011,noise
35,3,3,noise,6.29,signal,3.775602,signal
35,3,4,signal,6.08,noise,2.669976,noise
35,3,5,noise,6.14,noise,2.822592,noise
35,3,6,noise,5.9,noise,2.295289,noise
35,3,7,noise,4.69,noise,2.261631,noise
35,3,8,signal,6.58,noise,2.652572,noise
35,3,9,noise,5.25,noise,1.620457,noise
35,3,10,signal,7.58,noise,2.488639,signal
35,3,11,noise,5.85,noise,1.815958,noise
35,3,12,noise,6.37,noise,2.604818,noise
35,3,13,noise,5.06,noise,2.045001,noise
35,3,14,noise,5.81,noise,1.783607,noise
35,3,15,noise,4.21,noise,1.990637,noise
35,3,16,noise,4.56,noise,1.626128,noise
35,3,17,noise,6.43,noise,2.287837,noise
35,3,18,noise,4.56,noise,1.722561,noise
35,3,19,noise,5.45,noise,1.803909,noise
35,3,20,noise,6.01,noise,1.648372,noise
35,3,21,noise,6.28,noise,1.595309,noise
35,3,22,signal,7.48,noise,3.998161,noise
35,3,23,noise,6.71,noise,1.461776,noise
35,3,24,noise,6.4,noise,1.416086,noise
35,3,25,noise,6.55,signal,1.305717,noise
35,3,26,noise,5.62,noise,4.000487,noise
35,3,27,noise,6.63,noise,2.260093,signal
35,3,28,signal,8.15,signal,4.1044,signal
35,3,29,signal,7.05,noise,1.910287,noise
35,3,30,noise,6.95,noise,1.444762,signal
35,3,31,signal,6.28,noise,1.554836,noise
35,3,32,noise,4.67,noise,1.643966,noise
35,3,33,noise,7.06,signal,2.178561,signal
35,3,34,noise,5.96,noise,1.979178,noise
35,3,35,noise,5.05,noise,1.462322,noise
35,3,36,noise,6.69,signal,2.036864,signal
35,3,37,signal,7.41,noise,1.786292,signal
35,3,38,noise,4.35,noise,1.903668,noise
35,3,39,noise,6.92,noise,2.573687,noise
35,3,40,noise,4.71,noise,1.787946,noise
35,3,41,noise,5.35,noise,2.588439,noise
35,3,42,noise,6.16,noise,1.745912,noise
35,3,43,signal,7.43,noise,2.085676,noise
35,3,44,noise,5.56,noise,1.397274,noise
35,3,45,noise,5.03,noise,1.364924,noise
35,3,46,noise,5.23,noise,1.292583,noise
35,3,47,signal,7.13,signal,2.203354,signal
35,3,48,signal,8.61,noise,2.038457,signal
35,3,49,signal,7.42,noise,2.011901,noise
35,3,50,noise,3.71,noise,1.54613,noise
35,3,51,noise,6.21,noise,3.11632,noise
35,3,52,noise,6.14,noise,2.800936,noise
35,3,53,noise,6.4,noise,1.686377,noise
35,3,54,noise,4.69,signal,1.919533,noise
35,3,55,noise,6.16,noise,1.803239,noise
35,3,56,noise,5.47,noise,1.545323,noise
35,3,57,noise,5.31,noise,1.462679,noise
35,3,58,signal,7.25,signal,2.253994,signal
35,3,59,noise,5.62,noise,1.664569,noise
35,3,60,noise,5.24,noise,1.432999,noise
35,3,61,noise,5.16,noise,1.417351,noise
35,3,62,noise,4.81,noise,1.550423,noise
35,3,63,signal,8.39,signal,2.23177,signal
35,3,64,noise,6.98,noise,1.745475,noise
35,3,65,noise,6.57,noise,1.467332,noise
35,3,66,noise,6.5,noise,1.409492,noise
35,3,67,noise,6.68,noise,1.373714,noise
35,3,68,noise,6.97,noise,1.787603,noise
35,3,69,noise,6.56,noise,2.329852,noise
35,3,70,noise,6.0,noise,1.706664,noise
35,3,71,noise,4.6,noise,1.795979,noise
35,3,72,noise,4.39,noise,1.392324,noise
35,3,73,noise,7.26,noise,1.357619,signal
35,3,74,noise,7.74,noise,1.742011,signal
35,3,75,noise,5.46,noise,1.640913,noise
35,3,76,noise,4.93,noise,2.691891,noise
35,3,77,noise,3.99,noise,1.779187,noise
35,3,78,noise,6.73,noise,2.616864,noise
35,3,79,noise,5.12,noise,1.922152,noise
35,3,80,noise,6.02,noise,1.867964,noise
35,3,81,signal,9.73,signal,1.843946,signal
35,3,82,noise,6.94,signal,1.87079,signal
35,3,83,noise,5.59,noise,1.609559,noise
35,3,84,noise,4.73,noise,1.490661,noise
35,3,85,noise,6.71,signal,1.618377,signal
35,3,86,noise,5.09,noise,1.549955,noise
35,3,87,noise,5.01,signal,4.258833,noise
35,3,88,signal,6.95,noise,3.314729,signal
35,3,89,signal,8.49,signal,1.893228,signal
35,3,90,noise,3.88,noise,2.993595,noise
35,3,91,signal,7.72,noise,2.114522,noise
35,3,92,noise,5.69,noise,1.636837,noise
35,3,93,noise,5.85,noise,1.583294,noise
35,3,94,noise,5.19,noise,1.47409,noise
35,3,95,noise,4.26,noise,1.607207,noise
35,3,96,noise,6.11,noise,1.320898,signal
35,3,97,noise,5.63,noise,2.212373,noise
35,3,98,noise,6.76,noise,2.151102,noise
35,3,99,signal,7.14,noise,1.937387,noise
35,3,100,noise,6.22,noise,1.45752,noise
