id,early_userS,late_userS,delta_userS,early_evtS,late_evtS,delta_evtS
1,0.0,0.5625,0.5625,0.0,0.4375,0.4375
4,0.25,0.5625,0.3125,0.0625,0.4375,0.375
5,0.4166666666666667,0.25,-0.16666666666666669,0.4166666666666667,0.16666666666666666,-0.25
6,0.0,0.625,0.625,0.0,0.4375,0.4375
8,0.375,0.0,-0.375,0.375,0.0,-0.375
9,0.4166666666666667,0.25,-0.16666666666666669,0.4166666666666667,0.16666666666666666,-0.25
10,0.25,0.45,0.2,0.2,0.35,0.14999999999999997
11,0.0,0.5,0.5,0.16666666666666666,0.4166666666666667,0.25
14,0.5833333333333334,0.16666666666666666,-0.41666666666666674,0.4166666666666667,0.16666666666666666,-0.25
15,0.1875,0.5625,0.375,0.0625,0.4375,0.375
17,0.25,0.25,0.0,0.125,0.125,0.0
18,0.4166666666666667,0.25,-0.16666666666666669,0.4166666666666667,0.16666666666666666,-0.25
19,0.25,0.55,0.30000000000000004,0.2,0.35,0.14999999999999997
21,0.0,0.5,0.5,0.0,0.4375,0.4375
22,0.0,0.625,0.625,0.0,0.4375,0.4375
23,0.0,0.0,0.0,0.16666666666666666,0.4166666666666667,0.25
25,0.375,0.0,-0.375,0.375,0.0,-0.375
27,0.5833333333333334,0.16666666666666666,-0.41666666666666674,0.4166666666666667,0.16666666666666666,-0.25
29,0.1875,0.25,0.0625,0.125,0.125,0.0
32,0.1875,0.25,0.0625,0.125,0.125,0.0
34,0.4166666666666667,0.25,-0.16666666666666669,0.4166666666666667,0.16666666666666666,-0.25
36,0.25,0.25,0.0,0.125,0.125,0.0
39,0.25,0.55,0.30000000000000004,0.2,0.35,0.14999999999999997
42,0.1875,0.5625,0.375,0.0625,0.4375,0.375
43,0.0,0.5625,0.5625,0.0,0.4375,0.4375
44,0.0,0.625,0.625,0.0,0.4375,0.4375
45,0.25,0.5,0.25,0.2,0.35,0.14999999999999997
46,0.0,0.5833333333333334,0.5833333333333334,0.16666666666666666,0.4166666666666667,0.25
48,0.0,0.5833333333333334,0.5833333333333334,0.16666666666666666,0.4166666666666667,0.25
50,0.1875,0.5625,0.375,0.0625,0.4375,0.375
51,0.375,0.0,-0.375,0.375,0.0,-0.375
52,0.0,0.5,0.5,0.16666666666666666,0.4166666666666667,0.25
53,0.5833333333333334,0.08333333333333333,-0.5,0.4166666666666667,0.16666666666666666,-0.25
54,0.0,0.625,0.625,0.0,0.4375,0.4375
55,0.1875,0.25,0.0625,0.125,0.125,0.0
56,0.25,0.45,0.2,0.2,0.35,0.14999999999999997
57,0.0,0.5,0.5,0.16666666666666666,0.4166666666666667,0.25
58,0.1875,0.5625,0.375,0.0625,0.4375,0.375
60,0.125,0.25,0.125,0.125,0.125,0.0
61,0.375,0.25,-0.125,0.3125,0.25,-0.0625
62,0.1875,0.25,0.0625,0.125,0.125,0.0
63,0.0625,0.0625,0.0,0.25,0.25,0.0
64,0.5,0.1,-0.4,0.35,0.25,-0.09999999999999998
65,0.08333333333333333,0.5833333333333334,0.5,0.16666666666666666,0.4166666666666667,0.25
67,0.4375,0.3125,-0.125,0.3125,0.25,-0.0625
68,0.375,0.25,-0.125,0.4375,0.25,-0.1875
72,0.4375,0.375,-0.0625,0.4375,0.25,-0.1875
74,0.4166666666666667,0.25,-0.16666666666666669,0.4166666666666667,0.16666666666666666,-0.25
75,0.0,0.0,0.0,0.25,0.25,0.0
76,0.5,0.15,-0.35,0.35,0.25,-0.09999999999999998
78,0.25,0.0,-0.25,0.375,0.0,-0.375
79,0.1875,0.1875,0.0,0.25,0.25,0.0
81,0.625,0.5,-0.125,0.375,0.375,0.0
82,0.5,0.08333333333333333,-0.4166666666666667,0.3333333333333333,0.25,-0.08333333333333331
83,0.55,0.05,-0.5,0.35,0.25,-0.09999999999999998
85,0.375,0.0,-0.375,0.375,0.0,-0.375
86,0.375,0.0,-0.375,0.375,0.0,-0.375
87,0.5833333333333334,0.16666666666666666,-0.41666666666666674,0.4166666666666667,0.16666666666666666,-0.25
89,0.0,0.5,0.5,0.16666666666666666,0.4166666666666667,0.25
90,0.4166666666666667,0.25,-0.16666666666666669,0.4166666666666667,0.16666666666666666,-0.25
92,0.0,0.5833333333333334,0.5833333333333334,0.16666666666666666,0.4166666666666667,0.25
93,0.25,0.375,0.125,0.375,0.375,0.0
94,0.5833333333333334,0.16666666666666666,-0.41666666666666674,0.4166666666666667,0.16666666666666666,-0.25
95,0.0,0.625,0.625,0.0,0.4375,0.4375
97,0.1875,0.625,0.4375,0.0625,0.4375,0.375
98,0.625,0.375,-0.25,0.625,0.125,-0.5
100,0.4166666666666667,0.25,-0.16666666666666669,0.4166666666666667,0.16666666666666666,-0.25
101,0.5,0.375,-0.125,0.625,0.125,-0.5
102,0.3333333333333333,0.25,-0.08333333333333331,0.4166666666666667,0.16666666666666666,-0.25
103,0.1875,0.5625,0.375,0.0625,0.4375,0.375
104,0.1875,0.25,0.0625,0.125,0.125,0.0
105,0.25,0.5,0.25,0.2,0.35,0.14999999999999997
106,0.25,0.5,0.25,0.2,0.35,0.14999999999999997
110,0.1875,0.5,0.3125,0.0625,0.4375,0.375
112,0.4166666666666667,0.25,-0.16666666666666669,0.4166666666666667,0.16666666666666666,-0.25
114,0.4166666666666667,0.25,-0.16666666666666669,0.4166666666666667,0.16666666666666666,-0.25
121,0.1875,0.25,0.0625,0.125,0.125,0.0
122,0.1875,0.5,0.3125,0.0625,0.4375,0.375
124,0.4166666666666667,0.25,-0.16666666666666669,0.4166666666666667,0.16666666666666666,-0.25
125,0.1875,0.25,0.0625,0.125,0.125,0.0
126,0.25,0.5,0.25,0.2,0.35,0.14999999999999997
129,0.25,0.5,0.25,0.2,0.35,0.14999999999999997
130,0.25,0.55,0.30000000000000004,0.2,0.35,0.14999999999999997
131,0.4166666666666667,0.25,-0.16666666666666669,0.4166666666666667,0.16666666666666666,-0.25
133,0.125,0.125,0.0,0.125,0.125,0.0
134,0.1875,0.5625,0.375,0.0625,0.4375,0.375
136,0.3,0.45,0.15000000000000002,0.2,0.35,0.14999999999999997
137,0.0,0.125,0.125,0.0625,0.4375,0.375
138,0.1875,0.5625,0.375,0.0625,0.4375,0.375
139,0.1875,0.5625,0.375,0.0625,0.4375,0.375
140,0.25,0.5,0.25,0.2,0.35,0.14999999999999997
142,0.25,0.5,0.25,0.2,0.35,0.14999999999999997
143,0.375,0.375,0.0,0.625,0.125,-0.5
144,0.4166666666666667,0.25,-0.16666666666666669,0.4166666666666667,0.16666666666666666,-0.25
145,0.375,0.375,0.0,0.625,0.125,-0.5
147,0.08333333333333333,0.5,0.4166666666666667,0.16666666666666666,0.4166666666666667,0.25
148,0.125,0.25,0.125,0.125,0.125,0.0
151,0.375,0.375,0.0,0.625,0.125,-0.5
153,0.0,0.5,0.5,0.16666666666666666,0.4166666666666667,0.25
155,0.1875,0.5625,0.375,0.0625,0.4375,0.375
158,0.0,0.5,0.5,0.16666666666666666,0.4166666666666667,0.25
159,0.5,0.375,-0.125,0.625,0.125,-0.5
162,0.1875,0.5625,0.375,0.0625,0.4375,0.375
163,0.0,0.0,0.0,0.16666666666666666,0.4166666666666667,0.25
166,0.5,0.375,-0.125,0.625,0.125,-0.5
168,0.0,0.5,0.5,0.16666666666666666,0.4166666666666667,0.25
169,0.0,0.5,0.5,0.16666666666666666,0.4166666666666667,0.25
170,0.5,0.375,-0.125,0.625,0.125,-0.5
173,0.4166666666666667,0.25,-0.16666666666666669,0.4166666666666667,0.16666666666666666,-0.25
174,0.1875,0.625,0.4375,0.0625,0.4375,0.375
176,0.1875,0.5625,0.375,0.0625,0.4375,0.375
178,0.4166666666666667,0.25,-0.16666666666666669,0.4166666666666667,0.16666666666666666,-0.25
179,0.5,0.375,-0.125,0.625,0.125,-0.5
180,0.3333333333333333,0.25,-0.08333333333333331,0.4166666666666667,0.16666666666666666,-0.25
181,0.4166666666666667,0.25,-0.16666666666666669,0.4166666666666667,0.16666666666666666,-0.25
182,0.375,0.375,0.0,0.625,0.125,-0.5
183,0.0,0.5,0.5,0.16666666666666666,0.4166666666666667,0.25
184,0.4166666666666667,0.25,-0.16666666666666669,0.4166666666666667,0.16666666666666666,-0.25
187,0.5,0.375,-0.125,0.625,0.125,-0.5
190,0.5,0.375,-0.125,0.625,0.125,-0.5
191,0.0,0.5,0.5,0.16666666666666666,0.4166666666666667,0.25
192,0.4166666666666667,0.25,-0.16666666666666669,0.4166666666666667,0.16666666666666666,-0.25
193,0.1875,0.625,0.4375,0.0625,0.4375,0.375
195,0.375,0.375,0.0,0.625,0.125,-0.5
196,0.25,0.5625,0.3125,0.0625,0.4375,0.375
201,0.4166666666666667,0.25,-0.16666666666666669,0.4166666666666667,0.16666666666666666,-0.25
202,0.5,0.375,-0.125,0.625,0.125,-0.5
206,0.4166666666666667,0.25,-0.16666666666666669,0.4166666666666667,0.16666666666666666,-0.25
208,0.0,0.5,0.5,0.16666666666666666,0.4166666666666667,0.25
209,0.0,0.5,0.5,0.16666666666666666,0.4166666666666667,0.25
210,0.4166666666666667,0.25,-0.16666666666666669,0.4166666666666667,0.16666666666666666,-0.25
211,0.4166666666666667,0.25,-0.16666666666666669,0.4166666666666667,0.16666666666666666,-0.25
213,0.4166666666666667,0.25,-0.16666666666666669,0.4166666666666667,0.16666666666666666,-0.25
214,0.1875,0.5625,0.375,0.0625,0.4375,0.375
215,0.0,0.5,0.5,0.16666666666666666,0.4166666666666667,0.25
216,0.4166666666666667,0.25,-0.16666666666666669,0.4166666666666667,0.16666666666666666,-0.25
217,0.4166666666666667,0.25,-0.16666666666666669,0.4166666666666667,0.16666666666666666,-0.25
218,0.0,0.5833333333333334,0.5833333333333334,0.16666666666666666,0.4166666666666667,0.25
219,0.5,0.375,-0.125,0.625,0.125,-0.5
221,0.4166666666666667,0.25,-0.16666666666666669,0.4166666666666667,0.16666666666666666,-0.25
222,0.4166666666666667,0.25,-0.16666666666666669,0.4166666666666667,0.16666666666666666,-0.25
223,0.0,0.5833333333333334,0.5833333333333334,0.16666666666666666,0.4166666666666667,0.25
224,0.3333333333333333,0.25,-0.08333333333333331,0.4166666666666667,0.16666666666666666,-0.25
225,0.375,0.375,0.0,0.625,0.125,-0.5
227,0.3333333333333333,0.25,-0.08333333333333331,0.4166666666666667,0.16666666666666666,-0.25
228,0.4166666666666667,0.25,-0.16666666666666669,0.4166666666666667,0.16666666666666666,-0.25
229,0.375,0.375,0.0,0.625,0.125,-0.5
230,0.4166666666666667,0.25,-0.16666666666666669,0.4166666666666667,0.16666666666666666,-0.25
231,0.0,0.5,0.5,0.16666666666666666,0.4166666666666667,0.25
232,0.375,0.375,0.0,0.625,0.125,-0.5
233,0.625,0.375,-0.25,0.625,0.125,-0.5
234,0.4166666666666667,0.25,-0.16666666666666669,0.4166666666666667,0.16666666666666666,-0.25
237,0.5,0.375,-0.125,0.625,0.125,-0.5
238,0.08333333333333333,0.25,0.16666666666666669,0.16666666666666666,0.4166666666666667,0.25
239,0.625,0.375,-0.25,0.625,0.125,-0.5
240,0.4166666666666667,0.25,-0.16666666666666669,0.4166666666666667,0.16666666666666666,-0.25
241,0.25,0.5,0.25,0.0625,0.4375,0.375
242,0.375,0.375,0.0,0.625,0.125,-0.5
245,0.5,0.375,-0.125,0.625,0.125,-0.5
246,0.375,0.375,0.0,0.625,0.125,-0.5
249,0.1875,0.5625,0.375,0.0625,0.4375,0.375
250,0.4166666666666667,0.25,-0.16666666666666669,0.4166666666666667,0.16666666666666666,-0.25
251,0.0,0.5,0.5,0.16666666666666666,0.4166666666666667,0.25
252,0.5,0.375,-0.125,0.625,0.125,-0.5
253,0.4166666666666667,0.25,-0.16666666666666669,0.4166666666666667,0.16666666666666666,-0.25
254,0.4166666666666667,0.25,-0.16666666666666669,0.4166666666666667,0.16666666666666666,-0.25
255,0.25,0.5625,0.3125,0.0625,0.4375,0.375
259,0.375,0.375,0.0,0.625,0.125,-0.5
262,0.4166666666666667,0.25,-0.16666666666666669,0.4166666666666667,0.16666666666666666,-0.25
265,0.4166666666666667,0.25,-0.16666666666666669,0.4166666666666667,0.16666666666666666,-0.25
266,0.5,0.375,-0.125,0.625,0.125,-0.5
267,0.5,0.375,-0.125,0.625,0.125,-0.5
271,0.25,0.25,0.0,0.125,0.125,0.0
272,0.1875,0.5,0.3125,0.0625,0.4375,0.375
274,0.125,0.25,0.125,0.125,0.125,0.0
275,0.5,0.375,-0.125,0.625,0.125,-0.5
276,0.4166666666666667,0.25,-0.16666666666666669,0.4166666666666667,0.16666666666666666,-0.25
277,0.1875,0.25,0.0625,0.125,0.125,0.0
278,0.375,0.375,0.0,0.625,0.125,-0.5
281,0.4166666666666667,0.25,-0.16666666666666669,0.4166666666666667,0.16666666666666666,-0.25
284,0.4166666666666667,0.25,-0.16666666666666669,0.4166666666666667,0.16666666666666666,-0.25
285,0.4166666666666667,0.25,-0.16666666666666669,0.4166666666666667,0.16666666666666666,-0.25
287,0.08333333333333333,0.5,0.4166666666666667,0.16666666666666666,0.4166666666666667,0.25
288,0.625,0.375,-0.25,0.625,0.125,-0.5
289,0.25,0.25,0.0,0.125,0.125,0.0
292,0.1875,0.625,0.4375,0.0625,0.4375,0.375
293,0.625,0.375,-0.25,0.625,0.125,-0.5
296,0.1875,0.5625,0.375,0.0625,0.4375,0.375
297,0.4166666666666667,0.25,-0.16666666666666669,0.4166666666666667,0.16666666666666666,-0.25
298,0.1875,0.5625,0.375,0.0625,0.4375,0.375
299,0.4166666666666667,0.25,-0.16666666666666669,0.4166666666666667,0.16666666666666666,-0.25
302,0.4166666666666667,0.25,-0.16666666666666669,0.4166666666666667,0.16666666666666666,-0.25
304,0.0,0.5,0.5,0.16666666666666666,0.4166666666666667,0.25
306,0.25,0.55,0.30000000000000004,0.2,0.35,0.14999999999999997
309,0.3,0.5,0.2,0.2,0.35,0.14999999999999997
310,0.08333333333333333,0.5,0.4166666666666667,0.16666666666666666,0.4166666666666667,0.25
311,0.4166666666666667,0.25,-0.16666666666666669,0.4166666666666667,0.16666666666666666,-0.25
312,0.1875,0.5625,0.375,0.0625,0.4375,0.375
314,0.0,0.5,0.5,0.16666666666666666,0.4166666666666667,0.25
317,0.0,0.5,0.5,0.16666666666666666,0.4166666666666667,0.25
319,0.0,0.5833333333333334,0.5833333333333334,0.16666666666666666,0.4166666666666667,0.25
321,0.5833333333333334,0.16666666666666666,-0.41666666666666674,0.4166666666666667,0.16666666666666666,-0.25
322,0.1875,0.5625,0.375,0.0625,0.4375,0.375
324,0.5833333333333334,0.08333333333333333,-0.5,0.4166666666666667,0.16666666666666666,-0.25
325,0.5833333333333334,0.16666666666666666,-0.41666666666666674,0.4166666666666667,0.16666666666666666,-0.25
326,0.4166666666666667,0.25,-0.16666666666666669,0.4166666666666667,0.16666666666666666,-0.25
327,0.08333333333333333,0.4166666666666667,0.33333333333333337,0.16666666666666666,0.4166666666666667,0.25
330,0.3333333333333333,0.25,-0.08333333333333331,0.4166666666666667,0.16666666666666666,-0.25
331,0.5833333333333334,0.16666666666666666,-0.41666666666666674,0.4166666666666667,0.16666666666666666,-0.25
332,0.1875,0.625,0.4375,0.0625,0.4375,0.375
335,0.4166666666666667,0.25,-0.16666666666666669,0.4166666666666667,0.16666666666666666,-0.25
337,0.5833333333333334,0.25,-0.33333333333333337,0.4166666666666667,0.16666666666666666,-0.25
342,0.5833333333333334,0.16666666666666666,-0.41666666666666674,0.4166666666666667,0.16666666666666666,-0.25
344,0.1875,0.5625,0.375,0.0625,0.4375,0.375
345,0.5833333333333334,0.25,-0.33333333333333337,0.4166666666666667,0.16666666666666666,-0.25
346,0.1875,0.25,0.0625,0.125,0.125,0.0
347,0.1875,0.25,0.0625,0.125,0.125,0.0
349,0.0,0.25,0.25,0.16666666666666666,0.4166666666666667,0.25
351,0.0625,0.625,0.5625,0.0,0.4375,0.4375
352,0.25,0.5,0.25,0.2,0.35,0.14999999999999997
353,0.4166666666666667,0.25,-0.16666666666666669,0.4166666666666667,0.16666666666666666,-0.25
354,0.1875,0.5625,0.375,0.0625,0.4375,0.375
355,0.25,0.55,0.30000000000000004,0.2,0.35,0.14999999999999997
357,0.1875,0.25,0.0625,0.125,0.125,0.0
358,0.08333333333333333,0.5,0.4166666666666667,0.16666666666666666,0.4166666666666667,0.25
359,0.375,0.0,-0.375,0.375,0.0,-0.375
360,0.0,0.5,0.5,0.0,0.4375,0.4375
361,0.375,0.0,-0.375,0.375,0.0,-0.375
362,0.0625,0.5625,0.5,0.0,0.4375,0.4375
364,0.1875,0.5625,0.375,0.0625,0.4375,0.375
368,0.25,0.0,-0.25,0.0,0.5,0.5
369,0.1875,0.5625,0.375,0.0625,0.4375,0.375
370,0.375,0.0,-0.375,0.375,0.0,-0.375
371,0.1875,0.5625,0.375,0.0625,0.4375,0.375
373,0.1875,0.25,0.0625,0.125,0.125,0.0
376,0.1875,0.25,0.0625,0.125,0.125,0.0
379,0.5833333333333334,0.16666666666666666,-0.41666666666666674,0.4166666666666667,0.16666666666666666,-0.25
380,0.3,0.45,0.15000000000000002,0.2,0.35,0.14999999999999997
383,0.25,0.45,0.2,0.2,0.35,0.14999999999999997
386,0.4166666666666667,0.25,-0.16666666666666669,0.4166666666666667,0.16666666666666666,-0.25
387,0.4166666666666667,0.25,-0.16666666666666669,0.4166666666666667,0.16666666666666666,-0.25
388,0.4166666666666667,0.25,-0.16666666666666669,0.4166666666666667,0.16666666666666666,-0.25
390,0.375,0.0,-0.375,0.375,0.0,-0.375
391,0.375,0.0,-0.375,0.375,0.0,-0.375
392,0.375,0.0,-0.375,0.375,0.0,-0.375
393,0.375,0.0,-0.375,0.375,0.0,-0.375
394,0.375,0.0,-0.375,0.375,0.0,-0.375
395,0.375,0.0,-0.375,0.375,0.0,-0.375
396,0.5833333333333334,0.16666666666666666,-0.41666666666666674,0.4166666666666667,0.16666666666666666,-0.25
397,0.5833333333333334,0.16666666666666666,-0.41666666666666674,0.4166666666666667,0.16666666666666666,-0.25
399,0.375,0.0,-0.375,0.375,0.0,-0.375
400,0.5,0.0,-0.5,0.375,0.0,-0.375
401,0.125,0.0,-0.125,0.375,0.0,-0.375
402,0.0,0.5,0.5,0.16666666666666666,0.4166666666666667,0.25
403,0.25,0.0,-0.25,0.375,0.0,-0.375
404,0.375,0.0,-0.375,0.375,0.0,-0.375
405,0.0,0.5,0.5,0.16666666666666666,0.4166666666666667,0.25
406,0.5833333333333334,0.08333333333333333,-0.5,0.4166666666666667,0.16666666666666666,-0.25
407,0.5833333333333334,0.16666666666666666,-0.41666666666666674,0.4166666666666667,0.16666666666666666,-0.25
409,0.5833333333333334,0.16666666666666666,-0.41666666666666674,0.4166666666666667,0.16666666666666666,-0.25
410,0.3,0.5,0.2,0.2,0.35,0.14999999999999997
412,0.4166666666666667,0.25,-0.16666666666666669,0.4166666666666667,0.16666666666666666,-0.25
413,0.1875,0.625,0.4375,0.0625,0.4375,0.375
416,0.1875,0.25,0.0625,0.125,0.125,0.0
417,0.625,0.375,-0.25,0.625,0.125,-0.5
418,0.1875,0.25,0.0625,0.125,0.125,0.0
421,0.0,0.5,0.5,0.16666666666666666,0.4166666666666667,0.25
423,0.1875,0.5625,0.375,0.0625,0.4375,0.375
424,0.1875,0.25,0.0625,0.125,0.125,0.0
425,0.25,0.25,0.0,0.125,0.125,0.0
426,0.3333333333333333,0.25,-0.08333333333333331,0.4166666666666667,0.16666666666666666,-0.25
429,0.1875,0.5625,0.375,0.0625,0.4375,0.375
431,0.25,0.5625,0.3125,0.0625,0.4375,0.375
432,0.1875,0.5625,0.375,0.0625,0.4375,0.375
433,0.25,0.25,0.0,0.125,0.125,0.0
436,0.3,0.45,0.15000000000000002,0.2,0.35,0.14999999999999997
437,0.4166666666666667,0.25,-0.16666666666666669,0.4166666666666667,0.16666666666666666,-0.25
438,0.4166666666666667,0.25,-0.16666666666666669,0.4166666666666667,0.16666666666666666,-0.25
439,0.5,0.375,-0.125,0.625,0.125,-0.5
440,0.1875,0.625,0.4375,0.0625,0.4375,0.375
441,0.25,0.5,0.25,0.2,0.35,0.14999999999999997
442,0.25,0.5,0.25,0.2,0.35,0.14999999999999997
446,0.1875,0.25,0.0625,0.125,0.125,0.0
447,0.1875,0.25,0.0625,0.125,0.125,0.0
448,0.25,0.45,0.2,0.2,0.35,0.14999999999999997
449,0.375,0.0,-0.375,0.375,0.0,-0.375
450,0.0,0.625,0.625,0.0,0.4375,0.4375
452,0.25,0.55,0.30000000000000004,0.2,0.35,0.14999999999999997
455,0.1875,0.625,0.4375,0.0625,0.4375,0.375
456,0.25,0.25,0.0,0.125,0.125,0.0
457,0.3,0.45,0.15000000000000002,0.2,0.35,0.14999999999999997
460,0.0,0.5625,0.5625,0.0,0.4375,0.4375
461,0.375,0.0,-0.375,0.375,0.0,-0.375
463,0.375,0.0,-0.375,0.375,0.0,-0.375
464,0.375,0.0,-0.375,0.375,0.0,-0.375
465,0.375,0.0,-0.375,0.375,0.0,-0.375
466,0.25,0.0,-0.25,0.375,0.0,-0.375
467,0.25,0.25,0.0,0.125,0.125,0.0
468,0.5833333333333334,0.25,-0.33333333333333337,0.4166666666666667,0.16666666666666666,-0.25
469,0.1875,0.5625,0.375,0.0625,0.4375,0.375
474,0.5,0.375,-0.125,0.625,0.125,-0.5
475,0.375,0.0,-0.375,0.375,0.0,-0.375
476,0.5,0.375,-0.125,0.625,0.125,-0.5
478,0.4,0.35,-0.050000000000000044,0.2,0.35,0.14999999999999997
479,0.5,0.375,-0.125,0.625,0.125,-0.5
481,0.375,0.375,0.0,0.625,0.125,-0.5
482,0.16666666666666666,0.3333333333333333,0.16666666666666666,0.16666666666666666,0.4166666666666667,0.25
483,0.5,0.375,-0.125,0.625,0.125,-0.5
487,0.4166666666666667,0.25,-0.16666666666666669,0.4166666666666667,0.16666666666666666,-0.25
490,0.0,0.0,0.0,0.2,0.35,0.14999999999999997
491,0.375,0.0,-0.375,0.375,0.0,-0.375
496,0.4166666666666667,0.25,-0.16666666666666669,0.4166666666666667,0.16666666666666666,-0.25
498,0.375,0.25,-0.125,0.375,0.375,0.0
502,0.08333333333333333,0.5833333333333334,0.5,0.16666666666666666,0.4166666666666667,0.25
504,0.0,0.5,0.5,0.0,0.4375,0.4375
508,0.25,0.5,0.25,0.2,0.35,0.14999999999999997
509,0.5833333333333334,0.16666666666666666,-0.41666666666666674,0.4166666666666667,0.16666666666666666,-0.25
510,0.0,0.5833333333333334,0.5833333333333334,0.16666666666666666,0.4166666666666667,0.25
512,0.5833333333333334,0.16666666666666666,-0.41666666666666674,0.4166666666666667,0.16666666666666666,-0.25
514,0.375,0.0,-0.375,0.375,0.0,-0.375
515,0.4166666666666667,0.25,-0.16666666666666669,0.4166666666666667,0.16666666666666666,-0.25
518,0.3,0.55,0.25000000000000006,0.2,0.35,0.14999999999999997
522,0.375,0.0,-0.375,0.375,0.0,-0.375
524,0.375,0.0,-0.375,0.375,0.0,-0.375
525,0.375,0.0,-0.375,0.375,0.0,-0.375
528,0.5,0.0,-0.5,0.375,0.0,-0.375
529,0.0,0.5833333333333334,0.5833333333333334,0.16666666666666666,0.4166666666666667,0.25
530,0.4166666666666667,0.25,-0.16666666666666669,0.4166666666666667,0.16666666666666666,-0.25
532,0.375,0.0,-0.375,0.375,0.0,-0.375
534,0.375,0.0,-0.375,0.375,0.0,-0.375
536,0.4166666666666667,0.25,-0.16666666666666669,0.4166666666666667,0.16666666666666666,-0.25
537,0.0,0.5,0.5,0.16666666666666666,0.4166666666666667,0.25
538,0.4166666666666667,0.25,-0.16666666666666669,0.4166666666666667,0.16666666666666666,-0.25
541,0.25,0.25,0.0,0.125,0.125,0.0
543,0.25,0.25,0.0,0.125,0.125,0.0
544,0.125,0.25,0.125,0.125,0.125,0.0
546,0.5,0.0,-0.5,0.375,0.0,-0.375
551,0.5,0.0,-0.5,0.375,0.0,-0.375
552,0.5833333333333334,0.16666666666666666,-0.41666666666666674,0.4166666666666667,0.16666666666666666,-0.25
555,0.5833333333333334,0.08333333333333333,-0.5,0.4166666666666667,0.16666666666666666,-0.25
557,0.1875,0.5625,0.375,0.0625,0.4375,0.375
558,0.0,0.5,0.5,0.16666666666666666,0.4166666666666667,0.25
559,0.4166666666666667,0.25,-0.16666666666666669,0.4166666666666667,0.16666666666666666,-0.25
560,0.625,0.375,-0.25,0.625,0.125,-0.5
561,0.1875,0.5,0.3125,0.0625,0.4375,0.375
562,0.4166666666666667,0.25,-0.16666666666666669,0.4166666666666667,0.16666666666666666,-0.25
564,0.0,0.5,0.5,0.16666666666666666,0.4166666666666667,0.25
566,0.0,0.5,0.5,0.16666666666666666,0.4166666666666667,0.25
570,0.5,0.375,-0.125,0.625,0.125,-0.5
571,0.5,0.375,-0.125,0.625,0.125,-0.5
573,0.0,0.5833333333333334,0.5833333333333334,0.16666666666666666,0.4166666666666667,0.25
574,0.375,0.375,0.0,0.625,0.125,-0.5
575,0.625,0.375,-0.25,0.625,0.125,-0.5
580,0.375,0.0,-0.375,0.375,0.0,-0.375
581,0.25,0.0,-0.25,0.375,0.0,-0.375
583,0.375,0.0,-0.375,0.375,0.0,-0.375
584,0.375,0.0,-0.375,0.375,0.0,-0.375
586,0.3,0.55,0.25000000000000006,0.2,0.35,0.14999999999999997
587,0.25,0.5,0.25,0.2,0.35,0.14999999999999997
588,0.1875,0.5625,0.375,0.0625,0.4375,0.375
591,0.25,0.45,0.2,0.2,0.35,0.14999999999999997
592,0.0,0.5,0.5,0.16666666666666666,0.4166666666666667,0.25
595,0.125,0.25,0.125,0.125,0.125,0.0
597,0.1875,0.625,0.4375,0.0625,0.4375,0.375
598,0.3333333333333333,0.25,-0.08333333333333331,0.4166666666666667,0.16666666666666666,-0.25
600,0.25,0.45,0.2,0.2,0.35,0.14999999999999997
601,0.1875,0.5625,0.375,0.0625,0.4375,0.375
602,0.1875,0.25,0.0625,0.125,0.125,0.0
603,0.5,0.0,-0.5,0.375,0.0,-0.375
604,0.4166666666666667,0.25,-0.16666666666666669,0.4166666666666667,0.16666666666666666,-0.25
605,0.0,0.5,0.5,0.16666666666666666,0.4166666666666667,0.25
606,0.3,0.5,0.2,0.2,0.35,0.14999999999999997
607,0.375,0.0,-0.375,0.375,0.0,-0.375
608,0.5833333333333334,0.16666666666666666,-0.41666666666666674,0.4166666666666667,0.16666666666666666,-0.25
610,0.5,0.0,-0.5,0.375,0.0,-0.375
612,0.25,0.25,0.0,0.125,0.125,0.0
616,0.5833333333333334,0.16666666666666666,-0.41666666666666674,0.4166666666666667,0.16666666666666666,-0.25
619,0.5833333333333334,0.16666666666666666,-0.41666666666666674,0.4166666666666667,0.16666666666666666,-0.25
620,0.1875,0.25,0.0625,0.125,0.125,0.0
625,0.4166666666666667,0.25,-0.16666666666666669,0.4166666666666667,0.16666666666666666,-0.25
630,0.4166666666666667,0.25,-0.16666666666666669,0.4166666666666667,0.16666666666666666,-0.25
631,0.4166666666666667,0.25,-0.16666666666666669,0.4166666666666667,0.16666666666666666,-0.25
632,0.4166666666666667,0.25,-0.16666666666666669,0.4166666666666667,0.16666666666666666,-0.25
634,0.25,0.0,-0.25,0.375,0.0,-0.375
635,0.4166666666666667,0.25,-0.16666666666666669,0.4166666666666667,0.16666666666666666,-0.25
636,0.25,0.25,0.0,0.125,0.125,0.0
638,0.1875,0.25,0.0625,0.125,0.125,0.0
639,0.25,0.5,0.25,0.2,0.35,0.14999999999999997
640,0.08333333333333333,0.5,0.4166666666666667,0.16666666666666666,0.4166666666666667,0.25
641,0.25,0.5,0.25,0.2,0.35,0.14999999999999997
642,0.4166666666666667,0.25,-0.16666666666666669,0.4166666666666667,0.16666666666666666,-0.25
645,0.25,0.45,0.2,0.2,0.35,0.14999999999999997
646,0.1875,0.5625,0.375,0.0625,0.4375,0.375
648,0.5,0.375,-0.125,0.625,0.125,-0.5
649,0.0625,0.0,-0.0625,0.0625,0.4375,0.375
652,0.25,0.5,0.25,0.2,0.35,0.14999999999999997
653,0.25,0.5,0.25,0.2,0.35,0.14999999999999997
655,0.3,0.5,0.2,0.2,0.35,0.14999999999999997
664,0.4166666666666667,0.25,-0.16666666666666669,0.4166666666666667,0.16666666666666666,-0.25
665,0.5,0.375,-0.125,0.625,0.125,-0.5
666,0.1875,0.25,0.0625,0.125,0.125,0.0
667,0.1875,0.5625,0.375,0.0625,0.4375,0.375
668,0.625,0.375,-0.25,0.625,0.125,-0.5
671,0.0,0.5,0.5,0.16666666666666666,0.4166666666666667,0.25
674,0.1875,0.25,0.0625,0.125,0.125,0.0
675,0.08333333333333333,0.5833333333333334,0.5,0.16666666666666666,0.4166666666666667,0.25
678,0.4166666666666667,0.25,-0.16666666666666669,0.4166666666666667,0.16666666666666666,-0.25
681,0.0,0.0,0.0,0.4166666666666667,0.16666666666666666,-0.25
682,0.0,0.5,0.5,0.16666666666666666,0.4166666666666667,0.25
684,0.1875,0.5,0.3125,0.0625,0.4375,0.375
685,0.4166666666666667,0.25,-0.16666666666666669,0.4166666666666667,0.16666666666666666,-0.25
687,0.4166666666666667,0.25,-0.16666666666666669,0.4166666666666667,0.16666666666666666,-0.25
688,0.1875,0.5625,0.375,0.0625,0.4375,0.375
691,0.4166666666666667,0.25,-0.16666666666666669,0.4166666666666667,0.16666666666666666,-0.25
692,0.1875,0.25,0.0625,0.125,0.125,0.0
694,0.5,0.375,-0.125,0.625,0.125,-0.5
699,0.25,0.4,0.15000000000000002,0.2,0.35,0.14999999999999997
700,0.3333333333333333,0.25,-0.08333333333333331,0.4166666666666667,0.16666666666666666,-0.25
701,0.1875,0.5625,0.375,0.0625,0.4375,0.375
703,0.3333333333333333,0.25,-0.08333333333333331,0.4166666666666667,0.16666666666666666,-0.25
704,0.4166666666666667,0.25,-0.16666666666666669,0.4166666666666667,0.16666666666666666,-0.25
705,0.375,0.0,-0.375,0.375,0.0,-0.375
706,0.4166666666666667,0.25,-0.16666666666666669,0.4166666666666667,0.16666666666666666,-0.25
709,0.0,0.5,0.5,0.0,0.4375,0.4375
710,0.0,0.625,0.625,0.0,0.4375,0.4375
713,0.25,0.25,0.0,0.125,0.125,0.0
714,0.4166666666666667,0.25,-0.16666666666666669,0.4166666666666667,0.16666666666666666,-0.25
716,0.4166666666666667,0.25,-0.16666666666666669,0.4166666666666667,0.16666666666666666,-0.25
717,0.0,0.5625,0.5625,0.0,0.4375,0.4375
719,0.1875,0.25,0.0625,0.125,0.125,0.0
721,0.1875,0.25,0.0625,0.125,0.125,0.0
724,0.25,0.45,0.2,0.2,0.35,0.14999999999999997
725,0.25,0.45,0.2,0.2,0.35,0.14999999999999997
728,0.4166666666666667,0.25,-0.16666666666666669,0.4166666666666667,0.16666666666666666,-0.25
729,0.4166666666666667,0.25,-0.16666666666666669,0.4166666666666667,0.16666666666666666,-0.25
730,0.25,0.5,0.25,0.2,0.35,0.14999999999999997
731,0.375,0.0,-0.375,0.375,0.0,-0.375
733,0.1875,0.625,0.4375,0.0625,0.4375,0.375
734,0.2,0.1,-0.1,0.2,0.35,0.14999999999999997
735,0.4166666666666667,0.25,-0.16666666666666669,0.4166666666666667,0.16666666666666666,-0.25
736,0.5,0.375,-0.125,0.625,0.125,-0.5
737,0.4166666666666667,0.25,-0.16666666666666669,0.4166666666666667,0.16666666666666666,-0.25
738,0.3333333333333333,0.25,-0.08333333333333331,0.4166666666666667,0.16666666666666666,-0.25
739,0.4166666666666667,0.25,-0.16666666666666669,0.4166666666666667,0.16666666666666666,-0.25
740,0.1875,0.25,0.0625,0.125,0.125,0.0
742,0.0,0.0,0.0,0.0625,0.4375,0.375
744,0.625,0.375,-0.25,0.625,0.125,-0.5
745,0.5,0.375,-0.125,0.625,0.125,-0.5
746,0.4166666666666667,0.25,-0.16666666666666669,0.4166666666666667,0.16666666666666666,-0.25
748,0.4166666666666667,0.25,-0.16666666666666669,0.4166666666666667,0.16666666666666666,-0.25
749,0.5,0.375,-0.125,0.625,0.125,-0.5
750,0.3333333333333333,0.25,-0.08333333333333331,0.4166666666666667,0.16666666666666666,-0.25
753,0.5,0.375,-0.125,0.625,0.125,-0.5
755,0.375,0.375,0.0,0.625,0.125,-0.5
756,0.4375,0.8125,0.375,0.125,0.125,0.0
757,0.5,0.375,-0.125,0.625,0.125,-0.5
759,0.4166666666666667,0.25,-0.16666666666666669,0.4166666666666667,0.16666666666666666,-0.25
762,0.5,0.375,-0.125,0.625,0.125,-0.5
764,0.0,0.0,0.0,0.4166666666666667,0.16666666666666666,-0.25
766,0.5,0.375,-0.125,0.625,0.125,-0.5
767,0.5,0.375,-0.125,0.625,0.125,-0.5
769,0.5,0.375,-0.125,0.625,0.125,-0.5
770,0.4166666666666667,0.25,-0.16666666666666669,0.4166666666666667,0.16666666666666666,-0.25
771,0.375,0.0,-0.375,0.375,0.0,-0.375
774,0.375,0.0,-0.375,0.375,0.0,-0.375
778,0.0,0.5625,0.5625,0.0,0.4375,0.4375
779,0.4166666666666667,0.25,-0.16666666666666669,0.4166666666666667,0.16666666666666666,-0.25
780,0.375,0.0,-0.375,0.375,0.0,-0.375
781,0.5833333333333334,0.08333333333333333,-0.5,0.4166666666666667,0.16666666666666666,-0.25
782,0.4166666666666667,0.25,-0.16666666666666669,0.4166666666666667,0.16666666666666666,-0.25
783,0.5,0.375,-0.125,0.625,0.125,-0.5
784,0.5,0.375,-0.125,0.625,0.125,-0.5
786,0.3333333333333333,0.25,-0.08333333333333331,0.4166666666666667,0.16666666666666666,-0.25
790,0.4166666666666667,0.25,-0.16666666666666669,0.4166666666666667,0.16666666666666666,-0.25
797,0.5833333333333334,0.08333333333333333,-0.5,0.4166666666666667,0.16666666666666666,-0.25
798,0.375,0.0,-0.375,0.375,0.0,-0.375
799,0.5,0.0,-0.5,0.375,0.0,-0.375
801,0.4166666666666667,0.25,-0.16666666666666669,0.4166666666666667,0.16666666666666666,-0.25
804,0.375,0.0,-0.375,0.375,0.0,-0.375
805,0.4166666666666667,0.25,-0.16666666666666669,0.4166666666666667,0.16666666666666666,-0.25
808,0.4166666666666667,0.25,-0.16666666666666669,0.4166666666666667,0.16666666666666666,-0.25
